;KONE»N… POÿADÕ SPAC 2010;;;;;;;;;;;;;;;;;;;;;;;
;13. roËnÌk;;;;;;;;;;;;;;;;;;;;;;;
;;;;;;;;;;;;;;;;;;;;;;;;
;Kategorie A;;;;;;;;»asovka;;;;;;;;;;;;;;;
;;;;;Sta¯ÌË;Tour de;Mlyn.;O cenu;VelkÈ;Velk·;Tour de;Tour de;Memor.;Cena;5 hod;Stonav.;VC;Paskov.;MokrÈ ;Petrov.;»asovka;;;
po¯adÌ;p¯ÌjmenÌ;jmÈno;klub;11 nej;Ëas.;»upek;Ëas.;Krnova;Heral.;Polom;S·dek;Javor.;A.Dohn.;Continen;BohumÌn;Ëas.;Laöska;kriù·k;Lazce;Ëas.;Kr·sn·;celkem;zavodniku;licence
1.;CIMB¡LNÕK;Pavel;CYKLO  MXM  HULÕN;435,7;0;35,2;41,8;0;44,6;30,8;0;44;30,8;37,4;0;44;35,8;18,7;36,3;41,8;44;485,2;122;1
2.;äUSTR;VilÈm;ACK STAR¡ VES n.O.  "B";400,5;41,8;16,5;44;29,7;46,8;DNF;17,6;34,1;35,2;28,6;0;0;24,8;22;29,7;44;41,8;456,6;122;1
3.;PAVLÕK;Jan;RACING OLEäN¡,  F-M  1;360,9;36,3;13,2;33;0;35,8;23,1;27,5;30,8;0;26,4;36,3;33;31,4;0;23,1;36,3;34,1;420,3;122;1
4.;CHAMR¡D;Ji¯Ì;TJ  KOLÕK  BOHUMÕN  1;360,3;34,1;0;0;27,5;0;24,2;31,9;39,6;34,1;36,3;0;0;33,6;0;30,8;33;35,2;360,3;122;1
5.;äKODA;Kristi·n;CK  FRENäT¡T  p. R.  1;313;35,2;25,3;35,2;23,1;36,9;16,5;9,9;29,7;28,6;20,9;34,1;0;0;0;1,1;27,5;0;324;122;1
6.;GRUCHALA;VojtÏch;TRIATLON  KLUB  OSTRAVA;286,6;29,7;7,7;31,9;16,5;30,3;9,9;5,5;20,9;26,4;16,5;33;29,7;16;13,2;3,3;26,4;25,3;342,2;122;1
7.;BOLLO;Roman;YOGI  RACING  OSTRAVA  1;270,7;0;11;0;0;42,4;13,2;7,7;0;0;27,5;0;34,1;28,1;15,4;14,3;39,6;37,4;270,7;122;1
8.;TOMAN;Petr;FORMAN  CYCLING  TEAM;265,1;0;15,4;0;0;0;27,5;20,9;31,9;36,3;24,2;39,6;0;DQ;34,1;35,2;0;0;265,1;122;1
9.;Z¡RUBA;Petr;ACK STAR¡ VES n.O.  "A";259,1;0;0;0;30,8;0;0;0;37,4;29,7;29,7;0;41,8;38;19,8;31,9;0;0;259,1;122;1
10.;MUSIOL;Jakub;YOGI  RACING  OSTRAVA  1;256,4;0;8,8;34,1;0;32,5;12,1;0;22;0;23,1;0;35,2;23,7;0;5,5;30,8;28,6;256,4;122;1
11.;FOLT›N;Ji¯Ì;CK  HOBBY  BOHUMÕN;248,6;0;DNF;0;26,4;0;0;11;28,6;0;25,3;35,2;36,3;0;12,1;9,9;34,1;29,7;248,6;122;1
12.;HUDE»EK;Petr;FORMAN  CYCLING  TEAM;229;0;25;0;0;0;36;0;0;36;0;40;0;38;30;24;0;0;229;122;0
13.;DAVÕDEK;Petr;CK  FESO  PETÿVALD;217;0;16;34;34;0;DNF;12;22;30;18;0;0;11;32;8;0;0;217;122;0
14.;JAVOREK;Petr;ACK STAR¡ VES n.O.  "A";210,7;0;24,2;0;0;0;19,8;28,6;36,3;0;0;0;0;40,2;30,8;0;0;30,8;210,7;122;1
15.;MAREK;Jaroslav;FORMAN  CYCLING  TEAM;195;0;36;0;0;0;40;0;0;0;38;0;0;23;36;22;0;0;195;122;0
16.;MÕ»EK;Ond¯ej;ACK STAR¡ VES n.O.  "A";189,8;0;0;0;25,3;0;18,7;15,4;0;0;0;41,8;0;39,1;27,5;22;0;0;189,8;122;1
17.;MUSIOL;Luk·ö;YOGI  RACING  OSTRAVA  1;181,6;0;0;0;0;31,4;11;0;23,1;0;17,6;0;30,8;13,8;0;1,1;25,3;27,5;181,6;122;1
18.;BEZUNK;Ond¯ej;FORMAN  CYCLING  TEAM;175;0;24;0;0;0;DNF;15;0;34;17;34;0;12;33;6;0;0;175;122;0
19.;VELECK›;Tom·ö;YOGI  RACING  OSTRAVA  2;168,4;0;0;0;0;0;38;0;0;0;0;0;0;49;0;41,8;0;39,6;168,4;122;1
20.;BESTWINA;Michal;UKS SOKOL KETY;168;34;0;0;0;0;0;0;0;0;0;0;36;19;16;0;34;29;168;122;0
21.;UVÕRA;V·clav;CK  ORLÕK  ORLOV¡  1;166,7;0;DNF;0;0;0;0;0;25,3;0;0;0;37,4;22,6;0;16,5;31,9;33;166,7;122;1
22.;MALEJKA;Michal;UKS  SOKOL  KETY;161;0;30;0;0;0;31;0;0;0;32;0;0;34;0;34;0;0;161;122;0
23.;HLAVATÕK;Jan;ACK STAR¡ VES n.O.  "A";133,1;0;14,3;0;20,9;0;25,3;24,2;26,4;0;22;0;0;0;0;0;0;0;133,1;122;1
24.;HEINRICH;Luk·ö;FORMAN  CYCLING  TEAM;132;0;34;0;0;0;29;0;0;40;29;0;0;0;0;0;0;0;132;122;0
25.;KVAPULÕNSK›;Martin;SDH  STONAVA;120,5;39,6;DNF;39,6;0;41,3;0;0;0;0;0;0;0;0;0;0;0;0;120,5;122;1
26.;BROé;MatÏj;SUPERIOR RIDERS;116;0;0;0;0;0;0;0;0;0;0;0;0;36;40;40;0;0;116;122;0
27.;»ERN›;Viktor;FAVORIT  BRNO;115;0;0;0;0;0;0;23;0;0;28;0;0;27;26;11;0;0;115;122;0
28.;TOME»EK;LubomÌr;FORMAN  CYCLING  TEAM;113;0;0;0;0;0;DNF;36;0;38;0;0;0;0;27;12;0;0;113;122;0
29.;JANOäEK;Tom·ö;ACK STAR¡ VES n.O.  "A";112,2;0;30,8;0;39,6;0;0;0;41,8;0;0;0;0;0;0;0;0;0;112,2;122;1
30.;MLYN¡ÿ;ZdenÏk;MAX CURSOR;112;0;0;0;40;0;32;40;0;0;0;0;0;0;0;0;0;0;112;122;0
31.;SVÃNT›;Radek;HaF OPAVA;109;0;0;0;0;31;0;0;0;0;0;0;0;25;23;30;0;0;109;122;0
32.;HYNEK;Dominik;FORMAN  CYCLING  TEAM;108;0;40;0;0;0;DNF;0;0;0;0;0;0;13;24;31;0;0;108;122;0
33.;LITVIK;Miroslav;TEAM PONEK;101;0;0;0;26;0;14;0;30;0;31;0;0;0;0;0;0;0;101;122;0
34.;SWACZYNA;Petr;CK  FESO  PETÿVALD;101;0;31;0;0;0;34;0;DNF;0;36;DNF;0;0;0;0;0;0;101;122;0
35.;JOSEFÕK;Luk·ö;CYKLO  MXM  HULÕN;98;0;0;0;0;32;33;0;0;0;0;0;0;33;0;0;0;0;98;122;0
36.;»ER;Tom·ö;CK  KOLOKRAN  SVIANY;95;0;29;0;0;0;DNF;0;0;0;40;0;0;0;0;26;0;0;95;122;0
37.;KUSIDLO;Mariucz;UKS  SOKOL  KETY;94;0;21;0;0;0;26;0;0;0;0;0;0;22;0;25;0;0;94;122;0
38.;ROHEL;B¯etislav;FORMAN  CYCLING  TEAM;94;0;0;0;0;0;DNF;28;0;0;30;0;0;0;0;36;0;0;94;122;0
39.;KOPECK›;Tom·ö;ZHOR  TEAM;91;0;0;0;0;0;0;34;0;0;0;0;0;0;38;19;0;0;91;122;0
40.;NEPRAä;Karel;ACK STAR¡ VES n.O.  "A";90,8;0;0;0;41,8;49;0;0;0;0;0;0;0;0;0;0;0;0;90,8;122;1
41.;WROBEL;Marcin;SIKORSKI  BIKEBOARD TEAM;78;0;0;0;0;0;13;0;32;0;0;0;0;0;0;0;0;33;78;122;0
42.;Z¡RUBA;Pavel;H¡JOV;74;0;0;0;0;0;0;0;0;0;14;0;0;9;15;10;26;0;74;122;0
43.;STAN»ÕK;Martin;CK  FRENäT¡T  p. R.  1;68,2;31,9;0;36,3;0;0;0;0;0;0;0;0;0;0;0;0;0;0;68,2;122;1
44.;PLEV¡K  ;Ivo;MAX CURSOR;64;0;33;0;31;0;DNF;0;0;0;0;0;0;0;0;0;0;0;64;122;0
45.;KOPÿIVA;Ji¯Ì;MAX CURSOR;64;0;0;0;22;0;24;18;0;0;0;0;0;0;0;0;0;0;64;122;0
46.;PIETA;Pavel;PERITUS  POLSKA;64;0;0;0;18;0;19;27;0;0;0;0;0;0;0;0;0;0;64;122;0
47.;KAäTOVSK›;Tom·ö;NOVATOP - LAPIERR;61;0;0;0;0;27;0;20;0;0;0;0;0;0;0;14;0;0;61;122;0
48.;BENEä;Ji¯Ì;DEVOSS;58;0;26;0;32;0;0;0;0;0;0;0;0;0;0;0;0;0;58;122;0
49.;äTAINER;Pavel;SK VALAäSK…HO KR¡LOVSTVÕ;56;0;0;0;0;0;0;0;0;0;0;0;0;0;0;0;32;24;56;122;0
50.;ONDRAäÕK;Richard;SK  MAXIBIKE  ORLOV¡;53;26;0;0;DNF;0;0;0;0;0;0;0;0;0;0;0;27;0;53;122;0
51.;MACHALA;Jan;TJ  PÕSE»N¡;50;0;0;0;29;0;0;21;0;0;0;0;0;0;0;0;0;0;50;122;0
52.;STRZEDULA;Lukacz;SOKPOL  DOBRAWA;48;0;27;0;0;0;0;0;0;0;0;0;0;0;21;0;0;0;48;122;0
53.;LACINA;Jaroslav;ACK STAR¡ VES n.O.  ;46;0;0;0;0;0;0;17;0;29;0;0;0;0;0;0;0;0;46;122;0
54.;TOMAN;Ji¯Ì;FORMAN  CYCLING  TEAM;43;0;18;0;0;0;DNF;0;0;25;0;0;0;0;0;0;0;0;43;122;0
55.;KLÕMA;Ji¯Ì;AD  CYKLO  BRODEK;40;40;0;0;0;0;0;0;0;0;0;0;0;0;0;0;0;0;40;122;0
56.;MAGNUSEK;Jakub;S + H  SUPERIOR  MTR;38;0;38;0;0;0;0;0;0;0;0;0;0;DQ;0;0;0;0;38;122;0
57.;LAS¡K;MatÏj;VH  TEAM;38;0;0;0;0;0;0;38;0;0;0;0;0;0;0;0;0;0;38;122;0
58.;KNEBEL;Radim;SK VALAäSK…HO KR¡LOVSTVÕ;38;0;0;0;0;0;0;0;25;0;0;0;0;0;13;0;0;0;38;122;0
59.;HAMAN;Martin;SUPERIOR RIDERS;34;0;0;0;0;0;0;0;0;0;0;0;0;DNF;34;0;0;0;34;122;0
60.;DUéÕK;Josef;SDH  STONAVA;33;33;DNF;0;0;0;0;0;0;0;0;0;0;0;0;0;0;0;33;122;0
61.;äEV»ÕK;Martin;KCK  ZLÕN;33;0;0;0;33;0;0;0;0;0;0;0;0;0;0;0;0;0;33;122;0
62.;DVORSK›;David;MAPEI  KA“KOVSK›;33;0;0;0;0;0;0;33;0;0;0;0;0;0;0;0;0;0;33;122;0
63.;FRANER;Jakub;BIKE  SPORT  SERVIS  OPAVA;32;0;0;0;0;0;0;32;0;0;0;0;0;0;0;0;0;0;32;122;0
64.;VL»EK;Miroslav;;31;0;0;0;0;0;0;31;0;0;0;0;0;0;0;0;0;0;31;122;0
65.;FRANER;Juraj;SUNDANCE  TJ  OPAVA;30;0;0;0;30;0;0;DNF;0;0;0;0;0;0;0;0;0;0;30;122;0
66.;KONE»N›;Frantiöek;BIKE  SPORT;30;0;0;0;0;30;0;0;0;0;0;0;0;0;0;0;0;0;30;122;0
67.;DROZDZ;Tomasz;POLSKO;30;0;0;0;0;0;30;0;0;0;0;0;0;0;0;0;0;0;30;122;0
68.;SATKE;Tom·ö;GHOST  MOJE  KOLO;30;0;0;0;0;0;0;30;0;0;0;0;0;0;0;0;0;0;30;122;0
69.;WALOSCHEK;V·clav;;29;0;0;0;0;0;0;0;0;0;0;0;29;0;0;0;0;0;29;122;0
70.;éA»OK;Martin;TJ ROéNOV P.R.;29;0;0;0;0;0;0;0;0;0;0;0;0;29;0;0;0;0;29;122;0
71.;MIGDOL;Kamil;PSZCZYNA;29;0;0;0;0;0;0;0;0;0;0;0;0;0;29;0;0;0;29;122;0
72.;PUKOVEC;Tom·ö;INSPORT  LINE;28;28;0;0;0;0;0;0;0;0;0;0;0;0;0;0;0;0;28;122;0
73.;CHMELÕ»EK;Jakub;SMART TEAM;27;0;0;0;0;0;27;0;0;0;0;0;0;0;0;0;0;0;27;122;0
74.;MYN¡ÿ;Ond¯ej;NOVATOP - LAPIERR;26;0;0;0;0;26;DNF;0;0;0;0;0;0;0;0;0;0;0;26;122;0
75.;FIGURA;Michal;FORMAN  CYCLING  TEAM;26;0;19;0;0;0;0;0;0;0;0;0;0;0;0;7;0;0;26;122;0
76.;KOä¡K;Luk·ö;RACING OLEäN¡,  F-M  ;25;25;0;0;0;0;0;0;0;0;0;0;0;0;0;0;0;0;25;122;0
77.;MALOäÕK;Jan;CK  ORLÕK  ORLOV¡  1;24,8;0;DNF;0;0;0;0;4,4;0;0;0;0;0;20,4;0;0;0;0;24,8;122;1
78.;FILIP;Daniel;CK FRENäT¡T P.R. 2;24,2;0;0;0;0;0;0;0;0;0;0;0;0;0;0;0;24,2;0;24,2;122;1
79.;KOä¡K;Jan;RACING OLEäN¡,  F-M  ;24;24;0;0;0;0;0;0;0;0;0;0;0;0;0;0;0;0;24;122;0
80.;PLEVA;Ivo;MAX CURSOR;24;0;0;0;0;0;0;24;0;0;0;0;0;0;0;0;0;0;24;122;0
81.;K¡BRT;Mirolav;CYKLO KA“KOVSK›;23;0;0;0;0;0;0;0;0;0;0;0;0;0;0;23;0;0;23;122;0
82.;PETHS;MatÏj;PEAR IZUMI;22;0;0;0;0;0;0;0;0;0;0;0;0;0;22;0;0;0;22;122;0
83.;KYSEL;Ond¯ej;MAPE  OLOMOUC;20;0;20;0;0;0;0;0;0;0;0;0;0;0;0;0;0;0;20;122;0
84.;TOMEK;Josef;TJ KOLÕK BOHUMÕN  ;20;0;0;0;20;0;0;0;0;0;0;0;0;0;0;0;0;0;20;122;0
85.;»ERNOCK›;Tom·ö;CYKLO  TEAM  LIPNÕK;20;0;0;0;0;0;20;0;0;0;0;0;0;0;0;0;0;0;20;122;0
86.;PRZELIORZ;Pavel;AGK  RYBNIK;20;0;0;0;0;0;0;0;0;0;0;0;0;20;0;0;0;0;20;122;0
87.;KOBLIHA;Ond¯ej;»ESK¡ SPOÿITELNA;19;0;0;0;0;0;0;0;0;0;0;0;0;0;19;0;0;0;19;122;0
88.;MARKO;Athanasi;CYKLO KA“KOVSK›;18;0;0;0;0;0;0;0;0;0;0;0;0;0;0;18;0;0;18;122;0
89.;BOLEK;Viktor;SUPERIOR;17;0;17;0;0;0;0;0;0;0;0;0;0;0;0;0;0;0;17;122;0
90.;MAZUREK;Patryk;KATOWICE;17;0;DNF;0;17;0;0;0;0;0;0;0;0;0;0;0;0;0;17;122;0
91.;WIEDERMAN;David;SILITY MUNI»OV;17;0;0;0;0;0;0;0;0;0;0;0;0;0;0;17;0;0;17;122;0
92.;BANACH;Pavwl;GLIWICE;16;0;0;0;16;0;0;0;0;0;0;0;0;0;0;0;0;0;16;122;0
93.;DRIENOVSK›;ZbynÏk;ÿEPIäTÃ;16;0;0;0;0;0;16;0;0;0;0;0;0;0;0;0;0;0;16;122;0
94.;CHMEL;Michal;ÿLP;16;0;0;0;0;0;0;0;0;0;0;0;0;0;0;16;0;0;16;122;0
95.;PARMA;Kryötof;AZS KUL LUBLIN;15;0;0;0;0;0;0;0;0;0;0;0;0;15;0;0;0;0;15;122;0
96.;WYKRET;VÌtÏzslav;TJ  Té  TÿINEC;14,3;0;0;0;0;0;0;0;0;0;14,3;0;0;0;0;0;0;0;14,3;122;1
97.;GÿEäEK;ZbynÏk;SPARTAK  ROHOV;14;0;0;0;14;0;0;0;0;0;0;0;0;0;0;0;0;0;14;122;0
98.;SPURN›;Ji¯Ì;BIKE  TEAM  KOLA  KA“KOVSK›;13;0;0;0;0;0;0;13;0;0;0;0;0;0;0;0;0;0;13;122;0
99.;PAWEL;Michal;AGK  RYBNIK;11;0;11;0;0;0;0;0;0;0;0;0;0;0;0;0;0;0;11;122;0
100.;MRUZEK;Michal;BIKE  SPORT  SERVIS  OPAVA;11;0;0;0;0;0;0;11;0;0;0;0;0;0;0;0;0;0;11;122;0
101.;HYNEK;Jan;CYKLO KA“KOVSK›;10;0;0;0;0;0;0;0;0;0;0;0;0;0;10;0;0;0;10;122;0
102.;GRAMMER;Miroslav;GALAXY  TEAM  HRANICE;9;0;9;0;0;0;0;0;0;0;0;0;0;0;0;0;0;0;9;122;0
103.;SZYMON;Banacit;GMG  GLIWICE;8;0;0;0;0;0;0;8;0;0;0;0;0;0;0;0;0;0;8;122;0
104.;HELCEL;Martin;MH BIKE KLUB HAVÕÿOV O.S.;6,6;0;0;0;0;0;0;6,6;0;0;0;0;0;0;0;0;0;0;6,6;122;1
105.;NOV¡K;Vlastimil;;4;0;0;0;0;0;0;0;0;0;0;0;0;0;0;4;0;0;4;122;0
106.;PAVELEK;Josef;;3;0;0;0;0;0;0;3;0;0;0;0;0;0;0;0;0;0;3;122;0
107.;FILGAS;Ond¯ej;OSTRAVA;2;0;0;0;0;0;0;0;0;0;0;0;0;0;0;2;0;0;2;122;0
108.;MAGERA;Josef;KOLOSPORT-BC.CZ;0;DNF;DNF;0;0;0;0;0;0;0;0;0;0;0;0;0;0;0;0;122;0
109.;UBLANSK›;Adam;CK  ORLÕK  ORLOV¡  1;0;0;DNF;0;0;0;0;0;0;0;0;0;0;0;0;0;0;0;0;122;0
110.;PAWEL;Pieta;PERITUS;0;0;DNF;0;0;0;0;0;0;0;0;0;0;0;0;0;0;0;0;122;0
111.;MICHNA;Kryötof;CYKLO  KLUB;0;0;DNF;0;0;0;0;0;0;0;0;0;0;0;0;0;0;0;0;122;0
112.;SVOBODA;Milan;SCOTT CYCLING TEAM KOLÕN;0;0;DNF;0;0;0;0;0;0;0;0;0;0;DNF;0;0;0;0;0;122;0
113.;HLAVSA;Radek;SKM  ZLAT…  HORY;0;0;0;0;DNF;0;0;0;0;0;0;0;0;0;0;0;0;0;0;122;0
114.;KACHLÕÿ;Marcel;BASSO  TEAM;0;0;0;0;0;0;DNF;0;0;0;0;0;0;0;0;0;0;0;0;122;0
115.;FIALA;Jan;BASSO  TEAM;0;0;0;0;0;0;DNF;0;0;0;0;0;0;0;0;0;0;0;0;122;0
116.;PROUZA;Martin;TRIATLON  KLUB  OSTRAVA;0;0;0;0;0;0;DNF;0;0;0;0;0;0;0;0;0;0;0;0;122;0
117.;BODY;Marcel;SK  MADT- SPORT  KLAPKA;0;0;0;0;0;0;DNF;0;0;0;0;0;0;0;0;0;0;0;0;122;0
118.;PALIDER;Jan;TRIATLON  KLUB  OSTRAVA;0;0;0;0;0;0;DNF;0;0;0;0;0;0;0;0;0;0;0;0;122;0
119.;SEDL¡ÿ;Jakub;NOVATOP - LAPIERRE;0;0;0;0;0;0;DNF;0;0;0;0;0;0;0;0;0;0;0;0;122;0
120.;SIVEK;Jan;DOBROSLAVICE;0;0;0;0;0;0;DNF;0;0;0;0;0;0;0;0;0;0;0;0;122;0
121.;KAJTOVI»;Tom·ö;NOVATOP - LAPIERRE;0;0;0;0;0;0;DNF;0;0;0;0;0;0;0;0;0;0;0;0;122;0
122.;DUCH¡“;Stanislav;SILN› T›M UNI»OV;0;0;0;0;0;0;0;0;0;0;0;0;0;DNF;0;0;0;0;0;122;0
;;;;;;;;;;;;;;;;;;;;;;;;
;;;;;;;;;;;;;;;;;;;;;;;;
;Kategorie B;;;;;;;;»asovka;;;;;;;;;;;;;;;
;;;;;Sta¯ÌË;Tour de;Mlyn.;O cenu;VelkÈ;Velk·;Tour de;Tour de;Memor.;Cena;5 hod;Stonav.;VC;Paskov.;MokrÈ ;Petrov.;»asovka;;;
po¯adÌ;p¯ÌjmenÌ;jmÈno;klub;11 nej;Ëas.;»upek;Ëas.;Krnova;Heral.;Polom;S·dek;Javor.;A.Dohn.;Continen;BohumÌn;Ëas.;Laöska;kriù·k;Lazce;Ëas.;Kr·sn·;celkem;;
1.;BLAHUT;Radek;CK  MY»KA;475,3;0;DNF;39,6;44;44,6;39,6;44;39,6;44;39,6;44;39,6;41,3;44;44;44;41,8;633,7;96;1
2.;GALATÕK;Roman;CK FRENäT¡T P.R. 1;464,8;0;44;41,8;0;27;41,8;37,4;44;41,8;41,8;41,8;41,8;46,8;0;39,6;39,6;39,6;568,8;96;1
3.;MOSIOL;Norbert;SK  äAFRATA  BOHUMÕN;412,6;0;33;0;31,9;40,2;29,7;35,2;35,2;39,6;31,9;39,6;36,3;42,4;37,4;36,3;36,3;34,1;539,1;96;1
4.;STANÃK;Pavel;CYKLOSPORT PÿIKRYL,STAR¡ VES n.O.;364,7;29,7;34,1;0;0;0;23,1;30,8;30,8;37,4;27,5;37,4;33;36,9;33;33;30,8;27,5;445;96;1
5.;ONDÿEJKA;Miroslav;CK FRENäT¡T P.R. 1;356,5;34,1;35,2;37,4;34,1;41,3;34,1;34,1;33;0;33;0;0;40,2;0;0;0;0;356,5;96;1
6.;BUCHAL;Ivo;RACING OLEäN¡,  F-M  1;347,1;35,2;27,5;35,2;0;0;30,8;0;28,6;0;22;0;35,2;32,5;34,1;20,9;35,2;30,8;368;96;1
7.;NOVOTN›;Ji¯Ì;GALAXY  TEAM  HRANICE;337,8;31,9;26,4;33;0;36,9;12,1;18,7;26,4;35,2;15,4;35,2;0;30,3;31,9;19,8;28,6;22;403,8;96;1
8.;PODHORN›;Jarmil;YOGI  RACING  OSTRAVA  1;332,8;27,5;DNF;0;20,9;38;0;23,1;29,7;36,3;0;36,3;34,1;DNF;0;23,1;34,1;29,7;332,8;96;1
9.;CELTA;Tom·ö;DIDI  S  FRIENDS  CLUB;327,3;44;0;44;0;49;0;41,8;0;0;37,4;0;DNF;0;0;37,4;37,4;36,3;327,3;96;1
10.;MINDEK;Tom·ö;Pÿ¡TEL…  ZELEN…HO  ⁄DOLÕ;319;0;37,4;0;0;0;36,3;36,3;41,8;0;44;0;37,4;0;0;41,8;0;44;319;96;1
11.;MARTIN¡K;Tom·ö;SK VALAäSK…HO KR¡LOVSTVÕ;254,7;33;31,9;36,3;DNF;0;27,5;DNF;0;0;25,3;0;0;35,8;0;0;33;31,9;254,7;96;1
12.;BABAN;Marcel;SDH  STONAVA;245,3;41,8;DNF;0;0;0;31,9;28,6;0;0;34,1;0;0;0;0;29,7;41,8;37,4;245,3;96;1
13.;BENÕ»EK;Tom·ö;CK FRENäT¡T P.R. 2;240,4;0;0;0;0;0;0;0;0;33;8,8;34,1;30,8;31,4;30,8;18,7;29,7;23,1;240,4;96;1
14.;KOKEä;Pavel;RACING OLEäN¡,  F-M  1;235,6;39,6;41,8;0;0;0;37;0;37,4;0;0;0;0;49;0;30,8;0;0;235,6;96;1
15.;KOL¡»EK;Petr;CK  FESO  PETÿVALD;210,9;0;0;0;0;0;0;29,7;34,1;0;36,3;0;0;44,6;0;31;0;35,2;210,9;96;1
16.;HARABIä;Radim;SK VALAäSK…HO KR¡LOVSTVÕ;184,9;0;0;0;DNF;28,1;17,6;20,9;0;0;11;0;0;33,6;0;22;27,5;24,2;184,9;96;1
17.;MACHOTKA;Karel;YOGI  RACING  OSTRAVA  2;138,1;0;0;0;30,8;42,4;0;0;0;0;0;0;0;0;0;31,9;0;33;138,1;96;1
18.;VOREL;Tom·ö;TRIATLON  KLUB  OSTRAVA;136,4;0;24,2;31,9;17,6;0;19,8;14,3;0;0;13,2;0;0;0;0;15,4;0;0;136,4;96;1
19.;KRHUT;Martin;BAGBIKE;135,3;28,6;28,6;0;28,6;0;25,3;0;0;0;24,2;0;0;0;0;0;0;0;135,3;96;1
20.;VR¡BEL;David;SK VALAäSK…HO KR¡LOVSTVÕ;120,5;0;0;0;22;34,7;DNF;DNF;0;0;0;0;31,9;0;0;0;31,9;0;120,5;96;1
21.;HEJNEä;Leopold;BAGBIKE;103,4;26,4;DNF;0;26,4;0;22;0;0;0;28,6;0;0;0;0;0;0;0;103,4;96;1
22.;KRPEC;Luk·ö;ROCKTECHNIK  TRIATLON;98;34;33;0;0;0;0;0;0;0;0;0;0;31;0;0;0;0;98;96;0
23.;KR¡L;Martin;YOGI  RACING  OSTRAVA  1;90,2;0;DNF;34,1;0;0;26,4;0;0;0;29,7;0;0;0;0;0;0;0;90,2;96;1
24.;KU»ERA;Marek;BAGBIKE;88;24,2;0;0;0;0;28,6;0;0;0;35,2;0;0;0;0;0;0;0;88;96;1
25.;CH›LEK;Patrik;CK FRENäT¡T P.R. ;82;0;28;0;0;0;0;0;0;0;24;0;0;30;0;0;0;0;82;96;0
26.;SAS;David;»KD  OPAVA;82;0;0;0;0;26;10;24;0;0;0;0;0;0;0;22;0;0;82;96;0
27.;KARMELITA;Tom·ö;HaF OPAVA;79;0;0;0;27;0;0;0;0;0;0;0;0;27;0;25;0;0;79;96;0
28.;PLUCNAR;Pavel;TJ  Té  TÿINEC;76,5;0;0;0;0;29,2;0;0;27,5;0;19,8;0;0;0;0;0;0;0;76,5;96;1
29.;PRAé¡K;Kamil;DEVOSS;72;0;36;0;36;0;0;0;0;0;0;0;0;0;0;0;0;0;72;96;0
30.;POVALA;Roman;ROéNOV;65;0;0;0;17;0;0;0;0;31;17;0;0;0;0;0;0;0;65;96;0
31.;OR¡LEK;Duöan;PINARELLO  SPORTFULL  TEAM;64;0;0;0;0;0;32;0;0;0;0;0;0;0;0;32;0;0;64;96;0
32.;RAäKA;ZbynÏk;CK FRENäT¡T P.R. 2;62,2;20,9;0;0;0;31,4;0;0;0;0;9,9;0;0;0;0;0;0;0;62,2;96;1
33.;éEBR¡K;Radim;TJ KOLÕK BOHUMÕN  1;60,5;19,8;0;0;0;0;0;0;0;0;14,3;0;0;0;0;0;0;26,4;60,5;96;1
34.;GIERC;David;OSTRAVA;60;0;0;0;0;0;0;0;0;0;7;0;0;0;0;0;24;29;60;96;0
35.;BACHMAN;Milan;AIROO.CZFRM;59;0;0;0;0;0;30;29;0;0;0;0;0;0;0;0;0;0;59;96;0
36.;REK;Filip;SK VALAäSK…HO KR¡LOVSTVÕ;57,8;0;0;0;0;32,5;0;25,3;0;0;0;0;0;0;0;0;0;0;57,8;96;1
37.;MLODYNIA;Lukas;BRZEG;56;0;0;0;0;0;0;0;0;0;0;0;0;0;33;23;0;0;56;96;0
38.;PASE»N›;David;SK VALAäSK…HO KR¡LOVSTVÕ;55,6;0;0;0;19,8;35,8;0;0;0;0;0;0;0;0;0;0;0;0;55,6;96;1
39.;KALABIS;Ji¯Ì;TJ  PÕSE»N¡;52;0;0;0;22;0;0;30;0;0;0;0;0;0;0;0;0;0;52;96;0
40.;GUZIUR;Dalibor;RACING OLEäN¡,  F-M  ;42;0;0;0;0;0;0;0;0;0;16;0;0;0;0;0;0;26;42;96;0
41.;KAPLON;Julian;GLIWICE;41;0;0;0;21;0;0;20;0;0;0;0;0;0;0;0;0;0;41;96;0
42.;HOMOLA;Libor;KCK  CYKLOTEAM  ZLÕN;40;0;0;0;0;0;40;0;0;0;0;0;0;0;0;0;0;0;40;96;0
43.;BLINKA;LudÏk;CYKLO MXM HULÕN;40;0;0;0;0;0;0;0;0;0;0;0;40;0;0;0;0;0;40;96;0
44.;SCHNERCH;Martin;CYKLO  STAR  CEMO  MOKR¡;39,6;0;0;0;0;0;15,4;24,2;0;0;0;0;0;0;0;0;0;0;39,6;96;1
45.;MLYN¡ÿ;Vlastimil;ACS  DRAK  VRBNO P. PRADÃDEM;38;0;0;0;38;0;0;0;0;0;0;0;0;0;0;0;0;0;38;96;0
46.;KÿIéAN;Pavol;;38;0;0;0;0;38;0;0;0;0;0;0;0;0;0;0;0;0;38;96;0
47.;KL¡äTERKA;Tom·ö;ACK STAR¡ VES n.O. ;38;0;0;0;0;0;0;0;0;0;0;0;0;0;38;0;0;0;38;96;0
48.;JURE»KA;Roman;CK FRENäT¡T P.R. 1;37,4;25,3;0;0;0;0;0;0;0;0;12,1;0;0;0;0;0;0;0;37,4;96;1
49.;MTODYNIA;Lukasz;V - TEAM;36;0;0;0;0;0;0;36;0;0;0;0;0;0;0;0;0;0;36;96;0
50.;RU»KA;Richard;UCSH;36;0;DNF;0;0;0;0;0;0;0;0;0;0;0;36;0;0;0;36;96;0
51.;Z¡ME»NÕK;Ivo;KOLA  CIHAL  CZ;35;20;0;0;0;0;0;0;0;0;15;0;0;0;0;0;0;0;35;96;0
52.;KU»ERA;Ivo;KCK  ZLÕN;34;0;0;0;34;0;0;0;0;0;0;0;0;0;0;0;0;0;34;96;0
53.;LECHOSZEST;Damian;LECH  BABOROW;33;33;0;0;0;0;0;0;0;0;0;0;0;0;0;0;0;0;33;96;0
54.;SYCHOVSK›;Petr;IVT  N¡CHOD;33;0;0;0;33;0;0;0;0;0;0;0;0;0;0;0;0;0;33;96;0
55.;KANTOR;Tom·ö;TJ  Té  TÿINEC;33;0;0;0;0;0;0;0;33;0;0;0;0;0;0;0;0;0;33;96;0
56.;CHALOUPKA;Petr;SOK  R›MAÿOV;32;0;0;0;32;0;0;0;0;0;0;0;0;0;0;0;0;0;32;96;0
57.;KONE»N›;Luk·ö;CK VLASTIBOR KONE»N›;32;0;0;0;0;0;0;0;0;0;0;0;0;DQ;32;0;0;0;32;96;0
58.;FIGURA;Michal;FORMAN  CYCLING  TEAM;31;0;0;0;0;31;0;0;0;0;0;0;0;0;0;0;0;0;31;96;0
59.;STOCKER;Richard;SDH  STONAVA;30,3;0;DNF;0;0;30,3;0;0;0;0;0;0;0;0;0;0;0;0;30,3;96;1
60.;KOPECK›;Tom·ö;ZHOR;30;0;0;0;30;0;0;0;0;0;0;0;0;0;0;0;0;0;30;96;0
61.;BIERYT;Zbigniew;SPEEDY  GONZALES;29;0;0;0;0;0;0;0;29;0;0;0;0;0;0;0;0;0;29;96;0
62.;FOLTYS;Ji¯Ì;INSPORTLINE;28;28;0;0;0;0;0;0;0;0;0;0;0;0;0;0;0;0;28;96;0
63.;BAJER;Svatopluk;FORMAN  CYCLING  TEAM;28;0;0;0;0;0;0;0;0;0;28;0;0;0;0;0;0;0;28;96;0
64.;TRUSZKIEWIECZ;Tomasz;ERA  BIKE  TEAM;27;0;27;0;0;0;0;0;0;0;0;0;0;0;0;0;0;0;27;96;0
65.;DROZDA;Daniel;JELC - LASKOVICE;26;0;0;0;0;0;0;0;0;0;0;0;0;0;0;26;0;0;26;96;0
66.;HAVLÕ»EK;Robert;YOGI  RACING  OSTRAVA  1;25,3;0;0;0;0;0;0;0;0;0;0;0;0;0;0;0;0;25,3;25,3;96;1
67.;HOR¡K;RenÈ;TJ  PÕSE»N¡;25;0;0;0;25;0;0;0;0;0;0;0;0;0;0;0;0;0;25;96;0
68.;SEDL¡»EK;Dan;BIKE  TEAM  KOLA  KA“KOVSK›;25;0;0;0;0;0;0;25;0;0;0;0;0;0;0;0;0;0;25;96;0
69.;POKORN›;Robert;KRAVAÿE;24;0;0;0;0;0;0;0;0;0;0;0;0;0;0;24;0;0;24;96;0
70.;PYTEL;JaromÌr;BAGBIKE;23,1;23,1;0;0;0;0;0;0;0;0;0;0;0;0;0;0;0;0;23,1;96;1
71.;GROäEK;Luboö;BMC  RACING  TEAM;23;0;23;0;0;0;0;0;0;0;0;0;0;0;0;0;0;0;23;96;0
72.;CHUDÃJ;Marek;CYKLO  JESENÕK;23;0;0;0;23;0;0;0;0;0;0;0;0;0;0;0;0;0;23;96;0
73.;FOUKAL;Libor;SPORT  KOMPLEX  BÿECLAV;22;0;0;0;0;0;22;0;0;0;0;0;0;0;0;0;0;0;22;96;0
74.;MICHNA;Roman;STUDIOSOLARIS.CZ;21;0;0;0;0;0;0;0;0;0;21;0;0;0;0;0;0;0;21;96;0
75.;KUDLEK;Zbygniew;RYBNIK;19;0;0;0;0;0;19;0;0;0;0;0;0;0;0;0;0;0;19;96;0
76.;KANOCZ;Rastislav;PROFI  2;19;0;0;0;0;0;0;0;0;0;19;0;0;0;0;0;0;0;19;96;0
77.;BYRTUS;Ivo;SK MADT - SPORT  KLAPKA;18,7;0;0;0;0;0;18,7;0;0;0;0;0;0;0;0;0;0;0;18,7;96;1
78.;PAVELKA;Miroslav;VISIMPEX;18;0;0;0;0;0;0;18;0;0;0;0;0;0;0;0;0;0;18;96;0
79.;HOR¡K;»estmÌr;OD  MORAVA;16;0;0;0;0;0;0;16;0;0;0;0;0;0;0;0;0;0;16;96;0
80.;HLAWICZKA;Martin;;16;0;0;0;0;0;0;0;0;0;0;0;0;0;0;16;0;0;16;96;0
81.;DOHNAL;Bohuslav;VELOSPORT  HOR¡K;15;0;0;0;15;0;0;0;0;0;0;0;0;0;0;0;0;0;15;96;0
82.;KULA;Tomasz;PAP TEAM;15;0;0;0;0;0;15;0;0;0;0;0;0;0;0;0;0;0;15;96;0
83.;GREGORZYCA;SladomÌr;;15;0;0;0;0;0;0;15;0;0;0;0;0;0;0;0;0;0;15;96;0
84.;JORDAN;Petr;äMEJDI HRABYNÃ;15;0;0;0;0;0;0;0;0;0;0;0;0;0;0;15;0;0;15;96;0
85.;MI»UNEK;Jakub;BULDOCI  RAPOTÕN;14;0;0;0;14;0;0;0;0;0;0;0;0;0;0;0;0;0;14;96;0
86.;KOV¡ÿ;Daniel;CYKLO  JESENÕK;14;0;0;0;0;0;0;14;0;0;0;0;0;0;0;0;0;0;14;96;0
87.;HRUB›;Luk·ö;DOBROSLAVICE;13;0;0;0;0;0;13;0;0;0;0;0;0;0;0;0;0;0;13;96;0
88.;DULAVA;David;;13;0;0;0;0;0;0;0;0;0;0;0;0;0;0;13;0;0;13;96;0
89.;PAVLÕK;VÌt;GALAXY  TEAM  HRANICE;12;0;0;0;0;0;12;0;0;0;0;0;0;0;0;0;0;0;12;96;0
90.;GREGORZYCA;Staöek;GLIWICE;0;0;0;0;DNF;0;0;0;0;0;0;0;0;0;0;0;0;0;0;96;0
91.;TYCAR;Roman;RCS;0;0;0;0;DNF;0;0;0;0;0;0;0;0;0;0;0;0;0;0;96;0
92.;KOéUäNÕK;AntonÌn;ÿEPIäTÃ;0;0;0;0;0;0;DNF;0;0;0;0;0;0;0;0;0;0;0;0;96;0
93.;MIKA;Rafal;PAP  TEAM;0;0;0;0;0;0;DNF;0;0;0;0;0;0;0;0;0;0;0;0;96;0
94.;CYPRA;ZbynÏk;VIZOVICE;0;0;DNF;0;0;0;0;0;0;0;0;0;0;0;0;0;0;0;0;96;0
95.;MLYN¡ÿ;ZdenÏk;MAX  CURSOR;0;0;DNF;0;0;0;0;0;0;0;0;0;0;0;0;0;0;0;0;96;0
96.;KEMPA;Jan;;0;0;DNF;0;0;0;0;0;0;0;0;0;0;0;0;0;0;0;0;96;0
;;;;;;;;;;;;;;;;;;;;;;;;
;;;;;;;;;;;;;;;;;;;;;;;;
;Kategorie C;;;;;;;;»asovka;;;;;;;;;;;;;;;
;;;;;Sta¯ÌË;Tour de;Mlyn.;O cenu;VelkÈ;Velk·;Tour de;Tour de;Memor.;Cena;5 hod;Stonav.;VC;Paskov.;MokrÈ ;Petrov.;»asovka;;;
po¯adÌ;p¯ÌjmenÌ;jmÈno;klub;11 nej;Ëas.;»upek;Ëas.;Krnova;Heral.;Polom;S·dek;Javor.;A.Dohn.;Continen;BohumÌn;Ëas.;Laöska;kriù·k;Lazce;Ëas.;Kr·sn·;celkem;;
1.;ZOK;Bogdan;SK äAFRATA BOHUMÕN;484,6;39,6;41,8;37,4;41,8;41,3;41,8;44;44;37,4;44;44;39,6;49;44;44;44;44;721,7;75;1
2.;BENEä;Petr;YOGI RACING TEAM OSTRAVA  2;452,2;36,3;44;0;0;46,8;39,6;39,6;34,1;41,8;36,3;0;37,4;46,8;41,8;41,8;0;36,3;522,6;75;1
3.;GALUäKA;Tom·ö;SK  äAFRATA  BOHUMÕN;448,9;41,8;36,3;39,6;39,6;42,4;31,9;37,4;0;34,1;34,1;41,8;44;41,3;34,1;39,6;41,8;39,6;619,4;75;1
4.;GRUSSMANN;V·clav;LONGUS - DEXTER;418,1;29,7;33;33;35,2;34,7;35,2;31,9;37,4;28,6;37,4;39,6;33;44,6;36,3;36,3;39,6;41,8;607,3;75;1
5.;LACH;Alan;RACING OLEäN¡,  F-M  1;394,9;33;0;34,1;33;0;36,3;36,3;39,6;0;41,8;0;30,8;0;0;37,4;35,2;37,4;394,9;75;1
6.;GIRACZKA;Martin;SK äAFRATA BOHUMÕN;393,3;37,4;0;36,3;0;39,1;33;29,7;31,9;39,6;31,9;36,3;36,3;27;39,6;0;0;31,9;450;75;1
7.;FIERLA;Jan;CK  FESO  PETÿVALD;365,3;26,4;29,7;27,5;34,1;32,5;0;26,4;30,8;35,2;29,7;37,4;28,6;39,1;35,2;0;33;0;445,6;75;1
8.;FRANTA;Roman;RACING OLEäN¡,  F-M  1;348,8;27,5;30,8;29,7;26,4;31,4;29,7;33;29,7;30,8;33;0;27,5;30,3;33;33;34,1;0;459,9;75;1
9.;WIDENKA;Aleö;TJ  KOLÕK  BOHUMÕN  1;331,7;34,1;26,4;31,9;23,1;36,9;DNF;0;27,5;27,5;23,1;0;35,2;0;0;0;30,8;35,2;331,7;75;1
10.;SOKOL;Pavel;CYKLOKRAMO SUCHDOL N.O.  "A";325,7;24,2;23,1;28,6;16,5;30,3;DNF;18,7;0;26,4;27,5;0;29,7;31,4;30,8;30,8;31,9;34,1;384;75;1
11.;BLACHOWSK›;Riszard;CK  ORLÕK  ORLOV¡  1;323,5;0;25,3;22;24,2;28,1;18,7;0;25,3;31,9;25,3;34,1;24,2;36,9;29,7;29,7;27,5;29,7;412,6;75;1
12.;HELCEL;Martin ;MH BIKE KLUB HAVÕÿOV O.S.;305,3;44;0;41,8;30,8;44,6;30,8;35,2;36,3;0;0;0;41,8;0;0;0;0;0;305,3;75;1
13.;JAKL;Ji¯Ì;TRIATLON  KLUB  OSTRAVA;287,2;23,1;19,8;23,1;14,3;27;12,1;16,5;26,4;24,2;24,2;0;26,4;29,2;0;26,4;26,4;30,8;349,9;75;1
14.;äKARKA;Ji¯Ì;RIDLEY;261,9;22;20,9;0;DNF;24,8;14,3;14,3;0;0;0;0;23,1;33,6;27,5;27,5;28,6;25,3;261,9;75;1
15.;VODI»KA;ätÏp·n;CYKLOSPORT PÿIKRYL, ST.VES N.O.;249,8;18,7;15,4;24,2;15,4;23,7;8,8;13,2;0;23,1;0;0;20,9;24,8;26,4;24,2;24,2;24,2;287,2;75;1
16.;KRCH“¡K;Pavel;ACK STAR¡ VES n.O.  "A";249,2;20,9;0;20,9;18,7;0;9,9;15,4;23,1;0;22;35,2;0;28,1;28,6;0;0;26,4;249,2;75;1
17.;WENZEL;Roman;MAXCURSOR;242,6;30,8;27,5;0;22;0;24,2;28,6;0;36,3;0;0;0;35,8;37,4;0;0;0;242,6;75;1
18.;RUPA;Miroslav;YOGI RACING TEAM OSTRAVA  2;219,5;31,9;24,2;35,2;20,9;38;19,8;19,8;0;29,7;0;0;0;0;0;0;0;0;219,5;75;1
19.;äIME»EK;Radim;PÿÕBOR;215;15;15;23;0;0;0;0;0;23;19;0;20;25;23;26;0;26;215;75;0
20.;KOPÿIVA;Miroslav;CK FRENäT¡T P.R. 1;190,4;17,6;0;19,8;0;29,2;7,7;0;22;DNF;0;0;25,3;22,6;0;0;25,3;20,9;190,4;75;1
21.;MALE“¡K;Richard;;177,7;28,6;35,2;26,4;0;33,6;28,6;25,3;0;0;0;0;0;0;0;0;0;0;177,7;75;1
22.;WILHELM;Jaroslav;TJ KOLÕK BOHUMÕN  1;176,6;0;0;0;0;25,9;0;0;28,6;0;26,4;33;0;0;0;0;29,7;33;176,6;75;1
23.;SATINSK›;Alexandr;YOGI RACING TEAM OSTRAVA  2;170;0;37,4;0;0;35,8;27,5;0;0;0;35,2;0;0;0;0;34,1;0;0;170;75;1
24.;LYSEK;VladimÌr;CK FRENäT¡T P.R. 1;156,8;35,2;0;44;0;40,2;0;0;0;0;0;0;0;0;0;0;37,4;0;156,8;75;1
25.;HOLEä;Ji¯Ì;CK  HOBBY  BOHUMÕN  ;120,6;0;0;0;0;0;0;10;0;0;0;0;19,8;23,7;0;20,9;23,1;23,1;120,6;75;1
26.;äÕMA;Martin;MAX CURSOR;116;0;36;0;40;0;40;0;0;0;0;0;0;0;0;0;0;0;116;75;0
27.;MARä¡LEK;Tom·ö;RACING OLEäN¡,  F-M  1;98,5;0;0;0;0;0;0;0;33;0;30,8;0;0;34,7;0;0;0;0;98,5;75;1
28.;SÕKORA;Miroslav;TJ  Té  TÿINEC;94,6;25,3;0;0;0;0;0;27,5;41,8;0;0;0;0;0;0;0;0;0;94,6;75;1
29.;MI»KO;Jan;CK  FESO  PETÿVALD;90;0;0;0;0;0;0;0;0;0;0;0;29;32;29;0;0;0;90;75;0
30.;GˆRLICH;Petr;BAGBIKE;79,8;19,8;22;0;0;0;0;0;0;0;0;0;0;38;0;0;0;0;79,8;75;1
31.;LAZECK›;Petr;NOVATOP - LAPIERR;79;0;0;0;0;16;15;19;0;0;0;0;0;0;0;29;0;0;79;75;0
32.;PETRUä;LubomÌr;ACS  DRAK  VRBNO P. PRADÃDEM;72;0;0;0;23;0;21;28;0;0;0;0;0;0;0;0;0;0;72;75;0
33.;KVÃT¡K;Ji¯Ì;CYKLO  JESENÕK;71;0;0;0;33;0;0;38;0;0;0;0;0;0;0;0;0;0;71;75;0
34.;HRUäKA;Martin;UFO  BIKE;68;0;17;0;0;0;12;16;0;0;0;0;0;0;0;23;0;0;68;75;0
35.;BAL¡K;Leoö;ACS  DRAK  VRBNO P. PRADÃDEM;64;0;0;0;34;0;0;0;0;30;0;0;0;0;0;0;0;0;64;75;0
36.;SCHMIED;Bed¯ich;;64;0;0;0;0;0;0;0;0;0;0;0;31;0;0;0;33;0;64;75;0
37.;ZVONÕ»EK;RadomÌr;CYKLOSPORT  CHROPYNÃ  KTM;62,7;0;28,6;0;0;0;0;34,1;0;0;0;0;0;0;0;0;0;0;62,7;75;1
38.;DRZEWIECKI;Jacek;CTC  CZESTOCHOWA;62;0;0;28;0;0;34;0;0;0;0;0;0;0;0;0;0;0;62;75;0
39.;WAWRZYNKIEWICZ;Edward;GMG  GLIWICE;51;0;31;0;0;0;20;0;0;0;0;0;0;0;0;0;0;0;51;75;0
40.;RADZKI;Tomasz;DOBÿE  SKLEPY  ROWEROWE  AUTHOR;48;0;29;0;0;0;19;0;0;0;0;0;0;0;0;0;0;0;48;75;0
41.;JUÿÕK;Kamil;CYKLO  JESENÕK;48;0;0;0;27;0;0;21;0;0;0;0;0;0;0;0;0;0;48;75;0
42.;VÕTE»EK;Petr;TJ KOLÕK BOHUMÕN  1;46,8;15,4;0;0;0;21,5;0;9,9;0;0;0;0;0;0;0;0;0;0;46,8;75;1
43.;CHRU“¡K;Martin;YOGI RACING TEAM  OSTRAVA  ;44;0;0;0;0;0;24;20;0;0;0;0;0;0;0;0;0;0;44;75;0
44.;VALAäEK;Marian;;40;0;0;0;0;40;0;0;0;0;0;0;0;0;0;0;0;0;40;75;0
45.;HN¡T;Aleö;DUKO  R›MAÿOV;40;0;0;0;18;0;0;22;0;0;0;0;0;0;0;0;0;0;40;75;0
46.;PROKEä;Petr;CHOMUTOV;40;0;0;0;0;0;0;0;0;40;0;0;0;0;0;0;0;0;40;75;0
47.;CHMURA;Petr;OSTRAVA;39;0;0;0;0;0;14;0;0;0;0;0;0;0;0;0;0;25;39;75;0
48.;HAJDIK;Karel;VIA  VELO;36;0;0;0;0;0;0;0;0;0;36;0;0;0;0;0;0;0;36;75;0
49.;MAREK;Mirolav;KOPÿIVNICE;34;0;0;0;0;0;0;0;0;0;DNF;0;0;34;0;0;0;0;34;75;0
50.;BOSCZYK;Norbert;TJ  Té  TÿINEC;32;0;0;0;0;0;0;0;32;0;0;0;0;0;0;0;0;0;32;75;0
51.;KAäTOVSK›;ZdenÏk;NOVATOP - LAPIERR;32;0;0;0;0;0;0;11;0;0;0;0;0;0;0;21;0;0;32;75;0
52.;SCHINDLER;ZbynÏk;SPORT CLUB OPAVA;32;0;0;0;0;0;0;0;0;0;0;0;0;0;0;32;0;0;32;75;0
53.;SKÿE»EK;Robert;KC  BRNO;31;0;0;0;0;0;31;0;0;0;0;0;0;0;0;0;0;0;31;75;0
54.;CVRKAL;Richard;VINOHRADSK…  äLAPKY;29;0;0;0;29;0;0;0;0;0;0;0;0;0;0;0;0;0;29;75;0
55.;MORAVEC;ZbynÏk;TERA;26;0;0;0;26;0;0;0;0;0;0;0;0;0;0;0;0;0;26;75;0
56.;JAROSZ;Radizslav;CZESTOCHOWA;26;0;0;0;0;0;0;0;0;0;26;0;0;0;0;0;0;0;26;75;0
57.;KOBIERSKI;Tom·ö;HC_- KRALIKAÿI  KR. POLE;26;0;0;0;0;0;6;0;0;0;0;0;0;0;0;20;0;0;26;75;0
58.;STEJSKAL;Duöan;IVT  N¡CHOD;25;0;0;0;25;0;0;0;0;0;0;0;0;0;0;0;0;0;25;75;0
59.;äVANTNER;Bohuslav;RACING OLEäN¡,  F-M  2;24,2;0;0;0;0;0;0;0;24,2;0;0;0;0;0;0;0;0;0;24,2;75;1
60.;Kÿé¡K;Petr;DARKOVICE;23;0;0;0;0;0;23;0;0;0;0;0;0;0;0;0;0;0;23;75;0
61.;CH›LEK;Libor;CK  HOBBY  BOHUMÕN  ;20,9;0;0;0;0;0;0;0;20,9;0;0;0;0;0;0;0;0;0;20,9;75;1
62.;FAJKUS;Martin;SK äAFRATA BOHUMÕN;20;0;0;0;0;0;0;0;0;0;0;0;0;0;0;0;20;0;20;75;0
63.;CARBOL;Petr;TJ BANÕK KARVIN¡;20;0;0;0;0;0;0;0;0;0;0;0;0;0;0;0;0;20;20;75;0
64.;DUCH¡“;Stanislav;SILN› T›M UNI»OV;19;0;0;0;0;0;0;0;0;0;0;0;0;19;0;0;0;0;19;75;0
65.;PETÿÕK;Petr;OLDÿICHOVICE;18;0;0;0;0;0;0;0;18;0;0;0;0;0;0;0;0;0;18;75;0
66.;TOME»KA;Libor;ZK  BIKE  CLUB  ODRY;18;0;0;0;0;0;0;0;0;0;18;0;0;0;0;0;0;0;18;75;0
67.;SEDL¡»EK;LudÏk;ORLOV¡ - LUTYNÃ;18;0;0;0;0;0;0;0;0;0;0;0;0;0;0;0;0;18;18;75;0
68.;JAHN;LudÏk;BÕLOVEC;16;0;16;0;0;0;0;0;0;0;0;0;0;0;0;0;0;0;16;75;0
69.;äKOPEC;Milan;ACS  DRAK  VRBNO P. PRADÃDEM;16;0;0;0;16;0;0;0;0;0;0;0;0;0;0;0;0;0;16;75;0
70.;KLAPKA;Vlastimil;SK MADT - SPORT  KLAPKA;16;0;0;0;0;0;16;0;0;0;0;0;0;0;0;0;0;0;16;75;0
71.;BATFAJ;Pavel;BULDOCI  RAPOTÕN;12;0;0;0;12;0;0;0;0;0;0;0;0;0;0;0;0;0;12;75;0
72.;HAM¡»EK;Jaroslav;BULDOCI  RAPOTÕN;11;0;0;0;11;0;0;0;0;0;0;0;0;0;0;0;0;0;11;75;0
73.;PAVLÕK;Miroslav;KOLOSPORT-BC.CZ;11;0;0;0;0;0;11;0;0;0;0;0;0;0;0;0;0;0;11;75;0
74.;MATUSZ;Jakub;GLIWICE;10;0;0;0;10;0;0;0;0;0;0;0;0;0;0;0;0;0;10;75;0
75.;KUNICK›;Jan;ZAF VELOSPORT VELK… PAVLOVICE;0;0;0;0;0;0;0;0;0;0;0;0;0;DNF;0;0;0;0;0;75;0
;;;;;;;;;;;;;;;;;;;;;;;;
;;;;;;;;;;;;;;;;;;;;;;;;
;Kategorie D;;;;;;;;»asovka;;;;;;;;;;;;;;;
;;;;;Sta¯ÌË;Tour de;Mlyn.;O cenu;VelkÈ;Velk·;Tour de;Tour de;Memor.;Cena;3 hod;Stonav.;VC;Paskov.;MokrÈ ;Petrov.;»asovka;;;
po¯adÌ;p¯ÌjmenÌ;jmÈno;klub;11 nej;Ëas.;»upek;Ëas.;Krnova;Heral.;Polom;S·dek;Javor.;A.Dohn.;Continen;BohumÌn;Ëas.;Laöska;kriù·k;Lazce;Ëas.;Kr·sn·;celkem;;
1.;PELC;Ladislav;CK FRENäT¡T P.R. 1;485,2;0;44;41,8;44;49;44;44;35,2;44;36,3;44;39,6;46,8;44;36,3;0;0;593;59;1
2.;ADAM»ÕK;Miroslav;CYKLOKRAMO SUCHDOL N.O.  "A";472;39,6;41,8;35,2;36,3;44,6;41,8;37,4;41,8;39,6;44;41,8;41,8;49;37,4;44;41,8;39,6;697,5;59;1
3.;BARAN;Petr;BAGBIKE;469,8;41,8;37,4;44;39,6;46,8;39,6;39,6;0;0;39,6;39,6;44;44,6;39,6;41,8;44;44;626;59;1
4.;TOMAN;Vladislav;CYKLOKRAMO SUCHDOL N.O.  "A";431,3;0;35,2;0;0;36,9;36,3;36,3;39,6;41,8;37,4;36,3;36,3;40,2;41,8;39,6;39,6;41,8;539,1;59;1
5.;MUSIL;Old¯ich;CYKLOKRAMO SUCHDOL N.O.  "A";422,5;36,3;0;0;37,4;42,4;35,2;31,9;37,4;37,4;41,8;37,4;0;42,4;35,2;35,2;37,4;37,4;524,8;59;1
6.;PRASKI;Henryk;CTC  CZ STOCHOWA;387,8;44;33;39,6;0;39,1;25,3;0;0;0;28,6;35,2;37,4;0;29,7;31,9;36,3;33;413,1;59;1
7.;HLAVATÕK;Ladislav;RACING OLEäN¡,  F-M  1;376,3;0;30,8;36,3;30,8;35,8;33;33;30,8;0;34,1;0;35,2;39,1;0;34,1;0;34,1;407,1;59;1
8.;MOTTL;Bohuslav;TJ KOLÕK BOHUMÕN  1;368,6;31,9;31,9;31,9;28,6;32,5;28,6;28,6;33;0;33;DNF;33;38;26,4;33;35,2;35,2;480,8;59;1
9.;SCHNEIDER;Rudolf;CK FRENäT¡T P.R.   2;345,5;33;0;28,6;0;34,7;24,2;29,7;27,5;0;29,7;30,8;31,9;34,7;27,5;28,6;33;30,8;424,7;59;1
10.;KONT⁄R;Milan;SK VALAäSK…HO KR¡LOVSTVÕ;338,9;0;22;30,8;25,3;33,6;23,1;22;28,6;31,9;0;28,6;27,5;35,8;30,8;0;34,1;31,9;406;59;1
11.;BAIER;Jan;TJ KOLÕK BOHUMÕN  1;328,4;35,2;36,3;33;0;0;16,5;30,8;31,9;36,3;30,8;0;0;41,3;36,3;0;0;0;328,4;59;1
12.;VYORAL;LubomÌr;CK  HOBBY  BOHUMÕN  ;318;29,7;18,7;0;19,8;29,2;20,9;25,3;24,2;33;0;34,1;26,4;33,6;31,9;29,7;0;0;356,5;59;1
13.;KUZNÕK;Rostislav;HaF OPAVA;313;37,4;39,6;37,4;41,8;41,3;37,4;41,8;36,3;0;0;0;0;0;0;0;0;0;313;59;1
14.;SAVKA;Miroslav;CK  ORLÕK  ORLOV¡  1;305,3;30,8;25,3;0;22;30,3;22;26,4;26,4;34,1;26,4;33;28,6;DNF;0;0;0;0;305,3;59;1
15.;PASTUäEK;Vlastimil;CK  HOBBY  BOHUMÕN  ;287,7;22;0;26,4;17,6;27;18,7;16,5;25,3;29,7;23,1;31,9;0;0;28,6;0;30,8;25,3;322,9;59;1
16.;HINNER;Ji¯Ì;;283,9;25,3;17,6;24,2;16,5;24,8;17,6;18,7;23,1;0;22;0;0;32,5;25,3;27,5;31,9;28,6;335,6;59;1
17.;PAVLÕK;Petr;RACING OLEäN¡,  F-M  2;265,2;28,6;19,8;0;18,7;28,1;0;20,9;0;0;27,5;0;29,7;31,4;0;30,8;0;29,7;265,2;59;1
18.;KUBÕK;Josef;TJ KOLÕK BOHUMÕN  1;243,7;27,5;26,4;34,1;23,1;31,4;19,8;24,2;0;0;0;0;30,8;0;0;0;0;26,4;243,7;59;1
19.;PEKAR»ÕK;Ji¯Ì;CYKLOKRAMO SUCHDOL N.O.  "B";209,6;26,4;16,5;25,3;0;25,9;0;17,6;22;30,8;19,8;0;25,3;0;0;0;0;0;209,6;59;1
20.;KNYTL;VojtÏch;CYKLOKRAMO SUCHDOL N.O.  "B";154,6;0;28,6;0;0;0;0;27,5;0;35,2;0;0;0;30,3;33;0;0;0;154,6;59;1
21.;LEPKA;V·clav;YOGI RACING TEAM OSTRAVA  1;148,5;34,1;0;29,7;0;0;0;0;0;0;0;0;34,1;0;24,2;26,4;0;0;148,5;59;1
22.;TEäNAR;Tom·ö;YOGI RACING TEAM OSTRAVA  2;142,5;0;22;0;0;38;27,5;23,1;0;0;31,9;DNF;0;0;0;0;0;0;142,5;59;1
23.;RAUS;Pavel;NOVATOP - LAPIERR;130;0;0;0;0;32;0;32;0;0;32;0;0;0;0;34;0;0;130;59;0
24.;SEDL¡»EK;Ji¯Ì;SK  JIÿÕ  TEAM  OSTRAVA;112;0;25;0;27;0;0;0;0;0;0;0;0;29;31;0;0;0;112;59;0
25.;ZDANOWICZ;Marek;GMG  GLIWICE;90;0;31;0;32;0;27;0;0;0;0;0;0;0;0;0;0;0;90;59;0
26.;VYCHODIL;AntonÌn;;78;21;0;21;0;0;14;0;0;0;0;0;0;0;0;0;0;22;78;59;0
27.;RUMINSKI;Stanislaw;ZABRZE;57;0;0;0;29;0;28;0;0;0;0;0;0;0;0;0;0;0;57;59;0
28.;KRAWCZYK;Andrzej;ZABRZE;54;0;0;0;25;0;29;0;0;0;0;0;0;0;0;0;0;0;54;59;0
29.;VILHELM;V·clav;RACING OLEäN¡,  F-M  2;53,9;24,2;0;0;0;0;0;0;0;0;0;29,7;0;0;0;0;0;0;53,9;59;1
30.;LAZECK›;Petr;PUST¡  POLOM;51;0;27;0;24;0;0;0;0;0;0;0;0;0;0;0;0;0;51;59;0
31.;SKOTNICA;Josef;SKP  OPAVA;47,3;20,9;15,4;0;11;0;0;0;0;0;0;0;0;0;0;0;0;0;47,3;59;1
32.;GIERACZ;Marek;CTC  CZ STOCHOWA;43;0;0;0;19;0;24;0;0;0;0;0;0;0;0;0;0;0;43;59;0
33.;MRNŸäTÕK;Josef;CYKLOTECH - PRO;43;0;0;0;0;0;0;0;0;0;0;0;0;22;21;0;0;0;43;59;0
34.;RUCKI;Karel;TJ  Té  TÿINEC;40;0;0;0;0;0;0;0;40;0;0;0;0;0;0;0;0;0;40;59;0
35.;äUSTR;Libor;ACK STAR¡ VES n.O.  ;39;0;DNF;0;12;0;0;0;0;0;0;0;0;0;0;0;27;0;39;59;0
36.;äITAVANC;Ji¯Ì;KOPÿIVNICE;33;0;0;0;0;0;0;0;0;0;0;0;0;0;0;0;0;33;33;59;0
37.;ZMUDA;Jan;LOKOMOTIVA  KRNOV;31;0;0;0;31;0;0;0;0;0;0;0;0;0;0;0;0;0;31;59;0
38.;JAKU»;Leszek ;CTC  CZESTOCHOWA;31;0;0;0;0;0;31;0;0;0;0;0;0;0;0;0;0;0;31;59;0
39.;BÃHAL;Ji¯Ì;BIKE  TEAM  KOLA  KA“KOVSK›;31;0;0;0;0;0;0;31;0;0;0;0;0;0;0;0;0;0;31;59;0
40.;RUCKI;Vladislav;TJ  Té  TÿINEC;31;0;0;0;0;0;0;0;31;0;0;0;0;0;0;0;0;0;31;59;0
41.;DANÃ»EK;Pavel;LOKOMOTIVA  KRNOV;30;0;0;0;30;0;0;0;0;0;0;0;0;0;0;0;0;0;30;59;0
42.;HUBA;Czeslaw;CIESZYN - PL;27;0;0;0;0;0;0;0;27;0;0;0;0;0;0;0;0;0;27;59;0
43.;ENDL;AntonÌn;VÃTÿKOVICE;25;0;0;25;0;0;0;0;0;0;0;0;0;0;0;0;0;0;25;59;0
44.;PILECKI;Stanislav;SDH STOVA;25;0;0;0;0;0;0;0;0;0;0;0;0;0;0;0;0;25;25;59;0
45.;äUSTEK;Milan;TJ KOLÕK BOHUMÕN  ;23;0;0;0;0;0;0;0;0;0;23;0;0;0;0;0;0;0;23;59;0
46.;MISINA;Andrzej;GOSIECZIN;22;0;0;0;22;0;0;0;0;0;0;0;0;0;0;0;0;0;22;59;0
47.;TOMANEC;Karel;;22;0;0;0;0;0;0;0;0;0;22;0;0;0;0;0;0;0;22;59;0
48.;PIJANOWSKI;Leszek Josef;;21;0;21;0;0;0;0;0;0;0;0;0;0;0;0;0;0;0;21;59;0
49.;KOä¡K;Michal;RACING OLEäN¡,  F-M  ;19;0;19;0;0;0;0;0;0;0;0;0;0;0;0;0;0;0;19;59;0
50.;MRNŸäTÕK;Jan;VIA  VELO;19;0;0;0;0;0;0;0;0;0;19;0;0;0;0;0;0;0;19;59;0
51.;SYKORA;B¯etislav;LK  MOKR…  LAZCE;18;0;0;0;0;0;0;18;0;0;0;0;0;0;0;0;0;0;18;59;0
52.;ZEM¡NEK;LubomÌr;ZK  BIKE  CLUB  ODRY;17;0;0;0;0;0;0;0;0;0;17;0;0;0;0;0;0;0;17;59;0
53.;URBIä;VilÈm;SPARTAK  ROHOV;14;0;0;0;14;0;0;0;0;0;0;0;0;0;0;0;0;0;14;59;0
54.;JABLONSKI;Janusz;GLIWICE;13;0;0;0;13;0;0;0;0;0;0;0;0;0;0;0;0;0;13;59;0
55.;SOKOLOWSKI;Wojczech;GLIWICE;11;0;0;0;11;0;0;0;0;0;0;0;0;0;0;0;0;0;11;59;0
56.;PULKO;Herbert;HaF OPAVA;0;0;0;0;0;0;0;DNF;0;0;0;0;0;0;0;0;0;0;0;59;0
57.;NAVR¡TIL;Pavel;OSTRAVA;0;0;0;0;DNF;0;0;0;0;0;0;0;0;0;0;0;0;0;0;59;0
58.;GREPL;Vincenc;SK  MADT - SPORT  KLAPKA;0;0;0;0;0;0;DNF;0;0;0;0;0;0;0;0;0;0;0;0;59;0
59.;GRYZIECKI;Andrzej;GMG  GLIWICE;0;0;0;0;0;0;DNF;0;0;0;0;0;0;0;0;0;0;0;0;59;0
;;;;;;;;;;;;;;;;;;;;;;;;
;;;;;;;;;;;;;;;;;;;;;;;;
;Kategorie E;;;;;;;;»asovka;;;;;;;;;;;;;;;
;;;;;Sta¯ÌË;Tour de;Mlyn.;O cenu;VelkÈ;Velk·;Tour de;Tour de;Memor.;Cena;3 hod;Stonav.;VC;Paskov.;MokrÈ ;Petrov.;»asovka;;;
po¯adÌ;p¯ÌjmenÌ;jmÈno;klub;11 nej;Ëas.;»upek;Ëas.;Krnova;Heral.;Polom;S·dek;Javor.;A.Dohn.;Continen;BohumÌn;Ëas.;Laöska;kriù·k;Lazce;Ëas.;Kr·sn·;celkem;;
1.;MUäKA;Josef;CK  FESO  PETÿVALD;468,7;0;39,6;0;39,6;41,3;41,8;44;41,8;0;39,6;41,8;36,3;49;44;41,8;39,6;44;584,2;28;1
2.;VESEL›;Petr;TJ  Té  TÿINEC;458,8;36,3;0;0;44;42,4;39,6;39,6;39,6;0;44;37,4;39,6;46,8;41,8;39,6;41,8;0;532,5;28;1
3.;HOMOLA;Petr;SK äAFRATA BOHUMÕN;435,7;37,4;44;37,4;37,4;46,8;35,2;34,1;37,4;36,3;36,3;0;37,4;42,4;35,2;36,3;37,4;41,8;612,8;28;1
4.;BURI¡N;Vlastimil;CYKLOKRAMO SUCHDOL N.O.  "A";424,1;39,6;37,4;39,6;0;44,6;37,4;35,2;36,3;37,4;37,4;36,3;41,8;DNF;0;0;36,3;0;459,3;28;1
5.;KRAMOLIä;RadomÌr;CYKLOKRAMO SUCHDOL N.O.  "B";419,7;0;35,2;0;41,8;39,1;36,3;37,4;35,2;44;0;39,6;0;0;39,6;37,4;34,1;0;419,7;28;1
6.;SIWEK;Stanislaw;CK  HOBBY  BOHUMÕN  ;405,4;0;36,3;0;33;0;34,1;36,3;33;41,8;0;0;35,2;44,6;36,3;0;35,2;39,6;405,4;28;1
7.;DUBN›;Pavel;STUD…NKA;371,9;29,7;33;36,3;28,6;36,9;27,5;0;34,1;0;34,1;0;30,8;39,1;0;33;0;36,3;399,4;28;1
8.;RAäKA;Frantiöek;CK FRENäT¡T P.R. 2;360,3;33;34,1;0;27,5;35,8;29,7;29,7;0;33;31,9;31,9;31,9;0;33;0;31,9;34,1;417,5;28;1
9.;FUSS;Herbert;CK  HOBBY  BOHUMÕN  ;316,3;35,2;31,9;0;29,7;40,2;31,9;33;0;39,6;0;44;0;0;0;0;30,8;0;316,3;28;1
10.;RECHTENBERG;Karel;RACING OLEäN¡,  F-M  2;294,9;30,8;0;35,2;0;34,7;26,4;0;31,9;0;0;35,2;29,7;38;0;0;0;33;294,9;28;1
11.;LESZCZYNSKI;Ksawery;CZESTOCHOWA;196;38;0;38;0;0;40;0;0;0;0;0;40;0;0;0;40;0;196;28;0
12.;MASN›;Milan;RACING OLEäN¡,  F-M  1;181;44;0;44;0;49;0;0;0;0;0;0;0;0;0;44;0;0;181;28;0
13.;OSLZLA;Stanislav;BRUäPERK;170;31,9;0;0;0;0;30,8;0;0;0;33;34,1;0;40,2;0;0;0;0;170;28;1
14.;MYNAÿ;V·clav;OPAVA;158;31;0;0;33;0;30;0;0;0;32;0;0;0;0;32;0;0;158;28;0
15.;RADA;Eduard;CYKLOKRAMO SUCHDOL N.O.  "B";157,3;0;0;0;30,8;0;28,6;28,6;0;35,2;0;0;0;0;34,1;0;0;0;157,3;28;1
16.;GLOGAR;Jan;YOGI RACING TEAM OSTRAVA  2;141,4;0;0;0;0;0;0;0;0;0;30,8;0;34,1;41,3;0;0;0;35,2;141,4;28;1
17.;PAVELEK;Frantiöek;CK FRENäT¡T P.R. 2;135,9;0;DNF;0;34,1;38;DNF;0;0;34,1;DNF;29,7;0;DNF;0;0;0;0;135,9;28;1
18.;VYBÕRAL;Ji¯Ì;;122;0;0;0;0;0;0;0;0;0;0;28;30;0;0;0;30;34;122;28;0
19.;FTOREK;Peter;CYS  éILINA;114;0;38;0;0;0;0;38;0;0;38;DNF;0;0;0;0;0;0;114;28;0
20.;MLYN¡ÿ;Miloslav;ACS  DRAK  VRBNO P. PRADÃDEM;86;0;0;0;29;0;0;28;0;0;0;0;0;0;0;29;0;0;86;28;0
21.;äLONC;Vlastimil;TJ  Té  TÿINEC;40;0;0;0;0;0;0;0;40;0;0;0;0;0;0;0;0;0;40;28;0
22.;SLOUKA;Ji¯Ì;ISOTRA OPAVA;34;0;0;0;0;0;0;0;0;0;0;0;0;0;34;0;0;0;34;28;0
23.;CHUDÃJ;Jan;CYKLO  JESENÕK;32;0;0;0;32;0;0;0;0;0;0;0;0;0;0;0;0;0;32;28;0
24.;GRZEMPA;Grzegorz;E - ROWER BIALSKO - BIALA;30;0;0;0;0;0;0;0;0;0;0;30;0;0;0;0;0;0;30;28;0
25.;TICH›;Pavel;»KD  OPAVA;29;0;0;0;0;0;0;29;0;0;0;0;0;0;0;0;0;0;29;28;0
26.;ENGLIä;Ji¯Ì;CVK OPAVA;28;0;0;0;0;0;0;0;0;0;0;0;0;0;0;28;0;0;28;28;0
27.;HRDINA;Miroslav;SOKOL PLESN¡;27;0;0;0;0;0;0;0;0;0;0;0;0;0;0;27;0;0;27;28;0
28.;KUBAäTA;Frantiöek;ELEKTRO KUBAäTA CHRUDIM;0;0;0;0;0;0;0;0;0;0;0;0;0;DNF;0;0;0;0;0;28;0
;;;;;;;;;;;;;;;;;;;;;;;;
;;;;;;;;;;;;;;;;;;;;;;;;
;Kategorie éA;;;;;;;;»asovka;;;;;;;;;;;;;;;
;;;;;Sta¯ÌË;Tour de;Mlyn.;O cenu;VelkÈ;Velk·;Tour de;Tour de;Memor.;Cena;3 hod;Stonav.;VC;Paskov.;MokrÈ ;Petrov.;»asovka;;;
po¯adÌ;p¯ÌjmenÌ;jmÈno;klub;11 nej;Ëas.;»upek;Ëas.;Krnova;Heral.;Polom;S·dek;Javor.;A.Dohn.;Continen;BohumÌn;Ëas.;Laöska;kriù·k;Lazce;Ëas.;Kr·sn·;celkem;;
1.;NOV¡KOV¡;Lucie;SK  äAFRATA  BOHUMÕN;487,4;41,8;41,8;44;39,6;49;41,8;44;39,6;44;44;DNF;41,8;49;44;39,6;41,8;44;689,8;29;1
2.;BÿE»KOV¡;Lucie;CK  HOBBY  BOHUMÕN  ;451;39,6;35,2;39,6;0;0;39,6;41,8;44;39,6;41,8;DNF;0;0;35,2;44;44;41,8;486,2;29;1
3.;TOMANOV¡;Lucie;CYKLOKRAMO SUCHDOL N.O.  "A";425,8;35,2;30,8;0;0;44,6;33;0;0;37,4;35,2;41,8;39,6;42,4;37,4;37,4;39,6;37,4;491,8;29;1
4.;UBLANSK¡;Kamila;CK  ORLÕK  ORLOV¡  1;410,4;0;0;0;36,3;42,4;30,8;36,3;36,3;35,2;34,1;44;34,1;40,2;30,8;36,3;0;35,2;472;29;1
5.;VARYäOV¡;Tereza;ACK STAR¡ VES n.O.  "B";397,2;33;33;0;37,4;39,1;35,2;35,2;37,4;0;36,3;0;0;41,3;33;0;0;36,3;397,2;29;1
6.;FRAJKOWSK¡;Ester;CK  ORLÕK  ORLOV¡  1;316,3;0;0;37,4;0;34,7;0;0;0;33;30,8;39,6;36,3;0;0;35,2;35,2;34,1;316,3;29;1
7.;SLADKOVSK¡;Petra;CK FRENäT¡T P.R. 2;312,5;30,8;DNF;0;35,2;38;29,7;34,1;0;0;33;0;37,4;38;0;0;36,3;0;312,5;29;1
8.;SIKOROV¡;Michaela;TJ Té TÿINEC;245,3;44;36,3;0;44;0;0;DNF;41,8;0;37,4;0;0;0;41,8;0;0;0;245,3;29;1
9.;KOTALOV¡;Veronika;ACK STAR¡ VES n.O.  "A";207,4;0;39,6;0;41,8;0;0;0;0;0;0;0;0;46,8;39,6;0;0;39,6;207,4;29;1
10.;HALMOV¡;Eva;CK  ORLÕK  ORLOV¡  2;203,6;0;DNF;0;0;36,9;28,6;0;0;31,9;31,9;0;35,2;39,1;0;0;0;0;203,6;29;1
11.;»UPOV¡;Jana;CK FRENäT¡T P.R. 1;186,5;34,1;0;0;0;41,3;0;0;0;34,1;39,6;0;0;0;0;0;37,4;0;186,5;29;1
12.;CHMUROV¡;Petra;TRIATLON  KLUB  OSTRAVA;174,4;31,9;0;0;0;40,2;31,9;0;0;36,3;0;0;0;0;34,1;0;0;0;174,4;29;1
13.;BARTOäOV¡;Denisa;SK  MAXBIKE  ORLOV¡;141;34;29;38;0;0;0;0;0;0;0;0;40;0;0;0;0;0;141;29;0
14.;KRATOCHVÕLOV¡;Eva;EXPERIMENT  23;113,3;0;34,1;0;0;0;0;37,4;0;41,8;0;0;0;0;DNF;0;0;0;113,3;29;1
15.;KUSZIDLO;Katarzyna;UKS  IMIELIN;107;0;0;0;0;0;33;0;0;0;0;0;0;36;0;38;0;0;107;29;0
16.;STONOV¡;Tamara;NO  LIMIT  PRAHA;80;0;40;0;0;0;40;0;0;0;0;0;0;0;0;0;0;0;80;29;0
17.;äIMKOV¡;Barbora;ACK STAR¡ VES n.O.  ;61;0;34;0;0;0;0;0;0;0;0;0;0;0;27;0;0;0;61;29;0
18.;MACÕKOV¡;Lucie;GHOST  MOJE  KOLO. CZ;38;0;0;0;0;38;0;0;0;0;0;0;0;0;0;0;0;0;38;29;0
19.;SEDL¡»KOV¡;Veronika;CYKLO  JESENÕK;36;0;0;0;0;0;0;36;0;0;0;0;0;0;0;0;0;0;36;29;0
20.;PROCH¡ZKOV¡;Kamila;SINTESI  PRIMA - DONNA;34;0;0;0;0;0;34;0;0;0;0;0;0;0;0;0;0;0;34;29;0
21.;MATEROV¡;Lucie;SK  JIÿÕ  TEAM  OSTRAVA;33;33;0;0;0;0;0;0;0;0;0;0;0;0;0;0;0;0;33;29;0
22.;REZKOV¡;Aneta;VC KOOPERATIVA;33;0;0;0;0;0;0;0;0;0;0;0;0;0;33;0;0;0;33;29;0
23.;SLEZAKOV¡;Beata;GLIWICE;31;0;0;0;31;0;0;0;0;0;0;0;0;0;0;0;0;0;31;29;0
24.;PALIDEROV¡;Alena;SK  JIÿÕ  TEAM  OSTRAVA;31;0;0;0;0;0;31;0;0;0;0;0;0;0;0;0;0;0;31;29;0
25.;POKORN¡;Alice;CK FRENäT¡T P.R. 2;29,7;29,7;0;0;0;0;0;0;0;0;0;0;0;0;0;0;0;0;29,7;29;1
26.;IäTV¡NOV¡;Michaela;ACK STAR¡ VES n.O.  ;29;0;0;0;0;0;0;0;0;0;0;0;0;DNF;29;0;0;0;29;29;0
27.;METELKOV¡;Zuzana;ACS  DRAK  VRBNO P. PRADÃDEM;28;0;0;0;0;28;0;0;0;0;0;0;0;0;0;0;0;0;28;29;0
28.;BLACHOWSK¡;Sabina;CK  ORLÕK  ORLOV¡  ;26;0;0;0;0;0;0;0;0;0;0;0;0;0;26;0;0;0;26;29;0
29.;JAKLOV¡;Lenka;ACK STAR¡ VES n.O. ;0;0;0;0;0;0;0;0;0;0;0;0;0;0;DNF;0;0;0;0;29;0
;;;;;;;;;;;;;;;;;;;;;;;;
;;;;;;;;;;;;;;;;;;;;;;;;
;Kategorie éB;;;;;;;;»asovka;;;;;;;;;;;;;;;
;;;;;Sta¯ÌË;Tour de;Mlyn.;O cenu;VelkÈ;Velk·;Tour de;Tour de;Memor.;Cena;3 hod;Stonav.;VC;Paskov.;MokrÈ ;Petrov.;»asovka;;;
po¯adÌ;p¯ÌjmenÌ;jmÈno;klub;11 nej;Ëas.;»upek;Ëas.;Krnova;Heral.;Polom;S·dek;Javor.;A.Dohn.;Continen;BohumÌn;Ëas.;Laöska;kriù·k;Lazce;Ëas.;Kr·sn·;celkem;;
1.;JAKLOV¡;Ivana;SK  äAFRATA  BOHUMÕN;491,8;44;41,8;44;44;49;44;41,8;41,8;44;41,8;0;44;49;0;41,8;44;44;659;15;1
2.;NOVOTN¡;Martina;DIDI  S  FRIENDS  CLUB;467;41,8;44;41,8;0;44,6;41,8;0;44;0;44;0;39,6;0;0;44;39,6;41,8;467;15;1
3.;LÕBENKOV¡;Sylva;TJ KOLÕK BOHUMÕN  1;453;0;36;0;37,4;46,8;39,6;39,6;0;0;0;0;41,8;46,8;44;39,6;41,8;39,6;453;15;1
4.;PARGA»OV¡;Marcela;CYKLOKRAMO SUCHDOL N.O.  "B";433,5;36;0;36;34,1;42,4;36,3;35,2;39,6;41,8;39,6;0;37,4;42,4;41,8;37,4;37,4;37,4;574,8;15;1
5.;SOKOLOV¡;Petra;CYKLOKRAMO SUCHDOL N.O.  "B";422,5;0;36,3;37,4;0;40,2;34,1;34,1;0;39,6;37,4;44;36,3;41,3;39,6;0;36,3;0;456,6;15;1
6.;DANÃ»KOV¡;Romana;LOKO  KRNOV;158,4;0;37,4;0;39,6;0;37,4;44;0;0;0;0;0;0;0;0;0;0;158,4;15;1
7.;DOHNALOV¡;Jaroslava;VELOSPORT  HOR¡K;67;0;0;0;33;0;0;34;0;0;0;0;0;0;0;0;0;0;67;15;0
8.;MATUäKOV¡;Zina;RACING OLEäN¡,  F-M;66;34;32;0;0;0;0;0;0;0;0;0;0;0;0;0;0;0;66;15;0
9.;METELKOV¡;Ivana;ACS  DRAK  VRBNO P. PRADÃDEM;64;0;0;0;31;33;0;DNF;0;0;0;0;0;0;0;0;0;0;64;15;0
10.;VY»ÕTALOV¡;Jana;ACS  DRAK  VRBNO P. PRADÃDEM;38;0;0;0;38;0;0;0;0;0;0;0;0;0;0;0;0;0;38;15;0
11.;SLADKOVSK¡;Iveta;MOÿKOV;36;0;0;0;0;0;0;0;0;0;0;0;0;36;0;0;0;0;36;15;0
12.;KUROV¡;Karin;TJ Té TÿINEC;34;0;0;0;0;0;0;0;34;0;0;0;0;0;0;0;0;0;34;15;0
13.;KRPCOV¡;Marie;KOZLOVICE;33;33;0;0;0;0;0;0;0;0;0;0;0;0;0;0;0;0;33;15;0
14.;LANTOV¡;Romana;CPV  KRNOV;33;0;0;0;0;0;0;33;0;0;0;0;0;0;0;0;0;0;33;15;0
15.;GÿEéKOV¡;Jana;;32;0;0;0;0;0;32;0;0;0;0;0;0;0;0;0;0;0;32;15;0
;;;;;;;;;;;;;;;;;;;;;;;;
;;;;;;;;;;;;;;;;;;;;;;;;
;Kategorie M;;;;;;;;»asovka;;;;;;;;;;;;;;;
;;;;;Sta¯ÌË;Tour de;Mlyn.;O cenu;VelkÈ;Velk·;Tour de;Tour de;Memor.;Cena;3 hod;Stonav.;VC;Paskov.;MokrÈ ;Petrov.;»asovka;;;
po¯adÌ;p¯ÌjmenÌ;jmÈno;klub;11 nej;Ëas.;»upek;Ëas.;Krnova;Heral.;Polom;S·dek;Javor.;A.Dohn.;Continen;BohumÌn;Ëas.;Laöska;kriù·k;Lazce;Ëas.;Kr·sn·;celkem;;
1.;FIERLA;Ond¯ej;CK  FESO  PETÿVALD;465,3;44;44;44;41,8;0;0;36,3;44;0;41,8;44;44;0;41,8;39,6;0;0;465,3;36;1
2.;PECHA;Michal;CK  FESO  PETÿVALD;453,3;36,3;36,3;37,4;37,4;44,6;44;33;39,6;0;34,1;39,6;39,6;46,8;31,9;36,3;44;44;624,9;36;1
3.;JAKL;Tom·ö;TRIATLON  KLUB  OSTRAVA;433,5;41,8;0;39,6;23,1;49;30,8;41,8;34,1;41,8;31,9;0;34,1;40,2;0;30,8;39,6;39,6;518,2;36;1
4.;PAVLÕK;Petr;RACING OLEäN¡,  F-M  1;421,4;37,4;33;36,3;28,6;38;36,3;29,7;33;0;33;35,2;41,8;49;35,2;34,1;41,8;36,3;578,7;36;1
5.;PASTUåEK;Jan;CK  HOBBY  BOHUMÕN  ;420,8;30,8;37,4;34,1;34,1;42,4;39,6;39,6;0;0;39,6;37,4;0;0;37,4;35,2;36,3;41,8;485,7;36;1
6.;BLACHOWSK›;Marek;CK  ORLÕK  ORLOV¡  1;394,4;0;34,1;33;30,8;30,8;35,2;0;35,2;35,2;35,2;34,1;35,2;44,6;30,8;33;35,2;37,4;519,8;36;1
7.;JANKO;Martin;CK  FESO  PETÿVALD;391,7;35,2;35,2;0;29,7;40,2;33;28,6;31,9;0;30,8;36,3;36,3;42,4;33;0;37,4;0;450;36;1
8.;HRACHOVINA;Eduard;YOGI RACING TEAM OSTRAVA ;257;0;0;0;18;0;0;0;27;33;0;0;30;31;26;29;31;32;257;36;0
9.;WALA;Jan;CK  FESO  PETÿVALD;222;30;0;38;22;0;0;29;33;36;0;0;34;0;0;0;0;0;222;36;0
10.;VRABEL;Pavel;CK  FESO  PETÿVALD;214,4;29;0;29,7;20,9;36,9;29,7;0;30,8;37,4;0;0;0;0;0;0;0;0;214,4;36;1
11.;KOéUäNÕK;Adam;CK  FESO  PETÿVALD;192;0;38;0;36;0;0;40;0;0;0;0;0;0;40;38;0;0;192;36;0
12.;SAS;Kryötof;NOVATOP - LAPIERR;180;0;0;0;0;38;38;32;0;0;0;38;0;0;0;34;0;0;180;36;0
13.;SEDL¡»EK;Marek;SK  JIÿÕ  TEAM  OSTRAVA;164;36;DNF;0;30;33;34;0;0;0;0;0;0;0;31;0;0;0;164;36;0
14.;äENK›ÿ;LumÌr;CK  FESO  PETÿVALD;136,4;0;0;0;18,7;0;0;0;37,4;44;36,3;0;0;0;0;0;0;0;136,4;36;1
15.;HECZKO;Filip;TJ  Té  TÿINEC;103;0;0;0;0;0;0;31;38;0;34;0;0;0;0;0;0;0;103;36;0
16.;HAMPL;Petr;MAPEI  CYKLO  KA“KOVSK›;80;0;0;0;0;0;0;0;0;0;40;0;0;0;0;40;0;0;80;36;0
17.;SCHNEIDER;Martin;MAPEI  CYKLO  KA“KOVSK›;73;0;0;0;40;0;DNF;0;0;0;0;0;0;0;33;0;0;0;73;36;0
18.;KLOS;Viktor;SK  JIÿÕ  TEAM  OSTRAVA;69;0;36;0;33;0;0;0;0;0;0;0;0;0;0;0;0;0;69;36;0
19.;LANT;AntonÌn;CPV  KRNOV;58;0;0;0;24;0;0;34;0;0;0;0;0;0;0;0;0;0;58;36;0
20.;STOLAÿÕK;Tom·ö;SK  JIÿÕ  TEAM  OSTRAVA;58;31;0;0;0;0;0;0;0;0;0;0;0;0;27;0;0;0;58;36;0
21.;HLAVSA;Michal;SKM  ZLAT…  HORY;57;0;0;0;29;0;0;28;0;0;0;0;0;0;0;0;0;0;57;36;0
22.;MICHNA;Krzysztof;RACIBOÿ;36;0;0;0;0;0;0;0;0;0;0;0;0;0;36;0;0;0;36;36;0
23.;DUGLA;Milosz;UKS FENIKS RYDULTOWY;33;0;0;0;0;0;0;0;0;0;0;0;0;33;0;0;0;0;33;36;0
24.;KOTEN;Jan;CK  FESO  PETÿVALD;32;0;0;32;0;0;0;0;0;0;0;0;0;0;0;0;0;0;32;36;0
25.;JASENSK›;Luk·ö;KCK  ZLÕN;32;0;0;0;32;0;0;0;0;0;0;0;0;0;0;0;0;0;32;36;0
26.;HRIV“ACK›;Marek;NOVATOP - LAPIERR;31;0;0;0;0;31;0;0;0;0;0;0;0;0;0;0;0;0;31;36;0
27.;SOSNA;Tom·ö;TRIATLON  KLUB  OSTRAVA;31;0;0;0;0;0;31;0;0;0;0;0;0;0;0;0;0;0;31;36;0
28.;G¡BOR;Mario;CK  HOBBY  BOHUMÕN  ;30;0;0;0;0;0;0;0;0;0;0;30;0;0;0;0;0;0;30;36;0
29.;MEISNER;Luk·ö;PETROVICE;30;0;0;0;0;0;0;0;0;0;0;0;0;0;0;0;30;0;30;36;0
30.;GLOGOVSK›;Daniel;CK  FESO  PETÿVALD;29;0;0;29;0;0;0;0;0;0;0;0;0;0;0;0;0;0;29;36;0
31.;PODGABINSK›;Radek;BIKE  2000;29;0;0;0;0;0;29;0;0;0;0;0;0;0;0;0;0;0;29;36;0
32.;FIERLA;Jan;CK  FESO  PETÿVALD;28;0;0;28;0;0;0;0;0;0;0;0;0;0;0;0;0;0;28;36;0
33.;HAM¡»EK;Jaroslav;ACS  DRAK  VRBNO P. PRADÃDEM;25;0;0;0;25;0;0;0;0;0;0;0;0;0;0;0;0;0;25;36;0
34.;NOV¡»EK;Tom·ö;SK  JIÿÕ  TEAM  OSTRAVA;23;0;0;0;23;0;0;0;0;0;0;0;0;0;0;0;0;0;23;36;0
35.;CVRKAL;Richard;DUHA  LANäKROUN;20;0;0;0;20;0;0;0;0;0;0;0;0;0;0;0;0;0;20;36;0
36.;SVR»INA;Karel;NOVATOP - LAPIERR;0;0;0;0;0;0;DNF;0;0;0;0;0;0;0;0;0;0;0;0;36;0
;;;;;;;;;;;;;;;;;;;;;;;;
;;;;;;;;;;;;;;;;;;;;;;;;
;Druûstva;;;;;;;;»asovka;;;;;;5hod;;;;;;;;;
;;;;;Sta¯ÌË;Tour de;Mlyn.;O cenu;VelkÈ;Velk·;Tour de;Tour de;Memor.;Cena;3 hod;Stonav.;VC;Paskov.;MokrÈ ;Petrov.;»asovka;;;
;klub;;;Celkem;Ëas.;»upek;Ëas.;Krnova;Heral.;Polom;S·dek;Javor.;A.Dohn.;Continen;BohumÌn;Ëas.;Laöska;kriù·k;Lazce;Ëas.;Kr·sn·;;;
1.;SK äAFRATA BOHUMÕN;;;2009,78;118,8;113,3;113,3;116,6;123,9;110,44;116,6;112,64;116,6;113,3;125,4;119,9;132,7;121;119,9;122,1;113,3;;;
2.;CK  FESO  PETÿVALD;;;1702,5;92,4;96,58;92,62;99,22;101,22;95,04;90,64;102,74;100,32;101,42;106,04;95,92;122,9;103,84;96,12;99,88;105,6;;;
3.;CK FRENäT¡T P.R.  1;;;1698,46;104,5;114,4;123,2;92,4;120,7;111,1;106,7;106,7;105,6;106,48;111,1;98,78;124,44;35,2;69,74;106,92;60,5;;;
4.;RACING OLEäN¡  F-M   1;;;1652,3;111,1;100,1;104,5;84,04;106,4;104,1;96,8;110;30,8;105,6;64,46;101,64;122,9;95,26;105,6;106,7;102,3;;;
5.;CYKLOKRAMO SUCHDOL n.O.  "A";;;1613,5;92,4;91,52;88,44;75,46;107,04;92,4;87,12;95,04;95,04;98,56;96,8;98,56;107,04;94,16;97,68;97,02;99,22;;;
6.;CK HOBBY BOHUMÕN  ;;;1526,72;84,48;87,12;80,08;80,08;89,44;90,64;94,16;90,2;96,8;90,42;100,32;85,58;86,26;87,12;87,12;98,34;98,56;;;
7.;TJ KOLÕK BOHUMÕN   1;;;1481,64;96,36;76,56;85,58;80,52;100,24;71,72;88,22;95,7;90,64;89,1;33;95,04;104,08;85,36;88,88;97,24;103,4;;;
8.;CK ORLÕK ORLOV¡  1;;;1347,98;24,64;72,82;51,92;77,88;90,66;71,5;54,56;82,5;88,22;80,74;100,98;94,6;104,74;78,98;86,9;88,22;98,12;;;
9.;CYKLOKRAMO SUCHDOL n.O.  "B";;;1270,08;21,12;80,08;50,16;85,36;97,36;85,36;85,36;77,44;100,32;77,44;66,88;79,2;91,2;96,8;59,84;86,24;29,92;;;
10.;TRIATLON  KLUB  OSTRAVA;;;1249,1;88,66;73,92;95,48;52,58;101,66;69,96;64,24;74,58;88,88;66,22;33;83,38;77,36;40,48;66,44;84,48;87,78;;;
11.;CK FRENäT¡T P.R.  2;;;1164,28;77,44;27,28;22,88;77,44;92,2;66,88;74,8;22;86,68;75,68;84,26;86,24;89,56;79,2;41,58;85,14;75,02;;;
12.;ACK  STAR¡  VES  n. O.  "A";;;1157,18;20,9;86,68;20,9;114,84;49;63,8;68,2;115,5;29,7;73,7;77;41,8;117,3;91,08;53,9;44;88,88;;;
13.;YOGI RACING TEAM OSTRAVA  2;;;1143,14;68,2;105,6;35,2;51,7;127,2;89,1;77,88;34,1;71,5;97,02;0;37,4;79,84;41,8;117,7;0;108,9;;;
14.;YOGI RACING TEAM OSTRAVA  1;;;1125,1;54,78;19,8;97,24;20,9;112,9;63,3;30,8;74,8;36,3;80,3;36,3;103,4;100,8;34,76;58,52;104,5;95,7;;;
15.;SK VALAäSK…HO KR¡LOVSTVÕ;;;898,44;33;31,9;60,94;62,04;103;63,58;63,8;22,88;25,52;36,3;22,88;53,9;98,04;24,64;22;92,4;81,62;;;
16.;BAGBIKE;;;817,1;88,44;80,52;35,2;86,68;37,44;85,58;31,68;0;0;95,48;31,68;35,2;73,68;31,68;33,44;35,2;35,2;;;
17.;TJ  Té  TÿINEC;;;765,84;89,54;29,04;0;70,4;63,12;31,68;59,18;106,92;0;84,92;29,92;31,68;37,44;66,88;31,68;33,44;0;;;
18.;CYKLOSPORT PÿIKRYL, STAR¡ VES N. O.;;;732,2;48,4;49,5;24,2;15,4;23,7;31,9;44;30,8;60,5;27,5;37,4;53,9;61,7;59,4;57,2;55;51,7;;;
19.;ACK  STAR¡  VES  n. O.  "B";;;730,36;68,2;42,9;44;59,62;78,08;28,16;45,76;64,02;35,2;57,64;0;0;57,84;48,4;29,7;0;70,84;;;
20.;DIDI  S  FRIENDS  CLUB;;;700,9;77,44;35,2;77,44;0;84,68;33,44;41,8;35,2;0;72,6;0;31,68;0;0;72,6;69,08;69,74;;;
21.;CK  MY»KA;;;633,7;0;0;39,6;44;44,6;39,6;44;39,6;44;39,6;44;39,6;41,3;44;44;44;41,8;;;
22.;LONGUS - DEXTER;;;607,3;29,7;33;33;35,2;34,7;35,2;31,9;37,4;28,6;37,4;39,6;33;44,6;36,3;36,3;39,6;41,8;;;
23.;RACING OLEäN¡  F-M   2;;;552,58;66,88;15,84;28,16;14,96;50,24;21,12;16,72;49,72;0;22;51,92;74,8;55,52;0;24,64;0;60,06;;;
24.;MXM  HULÕN;;;485,2;0;35,2;41,8;0;44,6;30,8;0;44;30,8;37,4;0;44;35,8;18,7;36,3;41,8;44;;;
25.;SDH  STONAVA;;;429,1;114,4;0;39,6;0;71,6;31,9;28,6;0;0;34,1;0;0;0;0;29,7;41,8;37,4;;;
26.;GALAXY  TEAM  HRANICE;;;403,8;31,9;26,4;33;0;36,9;12,1;18,7;26,4;35,2;15,4;35,2;0;30,3;31,9;19,8;28,6;22;;;
27.;CTC  CZESTOCHOWA;;;330,48;35,2;26,4;31,68;0;31,28;20,24;0;0;0;22,88;28,16;29,92;0;23,76;25,52;29,04;26,4;;;
28.;Pÿ¡TEL…  ZELEN…HO  ⁄DOLÕ;;;319;0;37,4;0;0;0;36,3;36,3;41,8;0;44;0;37,4;0;0;41,8;0;44;;;
29.;M. H. BIKE KLUB HAVÕÿOV;;;311,9;44;0;41,8;30,8;44,6;30,8;41,8;36,3;0;0;0;41,8;0;0;0;0;0;;;
30.;FORMAN  CYCLING  TEAM;;;265,1;0;15,4;0;0;0;27,5;20,9;31,9;36,3;24,2;39,6;0;0;34,1;35,2;0;0;;;
31.;RIDLEY;;;261,9;22;20,9;0;0;24,8;14,3;14,3;0;0;0;0;23,1;33,6;27,5;27,5;28,6;25,3;;;
33.;H a F  OPAVA;;;250,4;29,92;31,68;29,92;33,44;33,04;29,92;33,44;29,04;0;0;0;0;0;0;0;0;0;;;
34.;MAXCURSOR;;;242,6;30,8;27,5;0;22;0;24,2;28,6;0;36,3;0;0;0;35,8;37,4;0;0;0;;;
35.;TJ  KOLÕK  BOHUMÕN   2;;;171,2;25,52;25,52;25,52;22,88;26;22,88;22,88;0;0;0;0;0;0;0;0;0;0;;;
36.;CK ORLÕK ORLOV¡  2;;;162,88;0;0;0;0;29,52;22,88;0;0;25,52;25,52;0;28,16;31,28;0;0;0;0;;;
37.;LOKOMOTIVA  KRNOV;;;96,8;0;0;0;31,68;0;29,92;35,2;0;0;0;0;0;0;0;0;0;0;;;
38.;EXPERIMENT  23;;;90,64;0;27,28;0;0;0;0;29,92;0;33,44;0;0;0;0;0;0;0;0;;;
39.;CYKLOSPORT  CHROPYNÃ  KTM;;;62,7;0;28,6;0;0;0;0;34,1;0;0;0;0;0;0;0;0;0;0;;;
40.;SKP  OPAVA;;;40,04;16,72;12,32;0;11;0;0;0;0;0;0;0;0;0;0;0;0;0;;;
41.;CYKLO  STAR  CEMO  MOKR¡;;;39,6;0;0;0;0;0;15,4;24,2;0;0;0;0;0;0;0;0;0;0;;;
42.;SK MADT - SPORT  KLAPKA;;;18,7;0;0;0;0;0;18,7;0;0;0;0;0;0;0;0;0;0;0;;;
43.;KOLOSPORT-BC.CZ;;;11;0;0;0;0;0;11;0;0;0;0;0;0;0;0;0;0;0;;;
